question_id,category,principle,prompt_text,response,correctness,quality
F1b,factual,baseline,How does photosynthesis work?,"At its simplest, **photosynthesis** is the process used by plants, algae, and certain bacteria to turn sunlight, water, and carbon dioxide into food (sugar) and oxygen.

You can think of a plant as a tiny, solar-powered factory. Here is the breakdown of how that factory operates.

---

### 1. The Ingredients (The Inputs)
To start the process, a plant needs three specific things:
1.  **Sunlight:** The energy source that powers the factory.
2.  **Water ($H_2O$):** Absorbed from the soil through the plant's roots.
3.  **Carbon Dioxide ($CO_2$):** Absorbed from the air through tiny pores in the leaves called **stomata**.

### 2. The Machinery (The Chloroplast)
Photosynthesis doesn't happen just anywhere; it happens inside specialized structures called **chloroplasts**, which are found in the plant's leaf cells. 

Inside these chloroplasts is a green pigment called **chlorophyll**. This is the ""solar panel"" of the plant. It is specifically designed to absorb the energy from sunlight. This is also why most plants appear green—chlorophyll absorbs red and blue light but reflects green light.

---

### 3. The Two-Step Process
Photosynthesis happens in two distinct stages: the **Light-Dependent Reactions** and the **Light-Independent Reactions** (also known as the Calvin Cycle).

#### Stage 1: The Light-Dependent Reactions (The ""Photo"" part)
*   **Where it happens:** Inside the thylakoids (tiny pancake-like structures inside the chloroplast).
*   **What happens:** Sunlight hits the chlorophyll, ""exciting"" the electrons and creating chemical energy. This energy is used to split water molecules ($H_2O$) apart.
*   **The Result:** 
    *   The **Oxygen ($O_2$)** is released into the atmosphere as a byproduct (this is the oxygen we breathe!).
    *   The energy is stored in two ""battery"" molecules called **ATP** and **NADPH**.

#### Stage 2: The Light-Independent Reactions / Calvin Cycle (The ""Synthesis"" part)
*   **Where it happens:** In the stroma (the fluid-filled space surrounding the thylakoids).
*   **What happens:** The plant uses the ""batteries"" (ATP and NADPH) created in Stage 1 to power a chemical transformation. It takes the **Carbon Dioxide ($CO_2$)** from the air and ""fixes"" it into a more complex shape.
*   **The Result:** Through a series of complex steps, the carbon atoms are rearranged to create **Glucose ($C_6H_{12}O_6$)**, a simple sugar.

---

### 4. The Summary Equation
If you were to write photosynthesis as a chemical recipe, it would look like this:

$$6CO_2 + 6H_2O + \text{Light Energy} \rightarrow C_6H_{12}O_6 + 6O_2$$

**Translation:** Six molecules of carbon dioxide plus six molecules of water, powered by light, produce one molecule of glucose and six molecules of oxygen.

### Why is this important?
Photosynthesis is arguably the most important biological process on Earth for two reasons:
1.  **The Food Chain:** It is the foundation of almost all life. Plants create the energy that herbivores eat, which in turn provides energy for carnivores. Without photosynthesis, there is no food.
2.  **The Atmosphere:** It regulates our atmosphere by removing carbon dioxide (a greenhouse gas) and replenishing the oxygen that nearly all living organisms need to survive.",5,5
F1fs,factual,few_shot,"Here are some examples of clear, accurate answers:

Q: How does evaporation work?
A: Evaporation is the process by which liquid water turns into water vapor. Heat energy causes water molecules at the surface to move faster, and some gain enough energy to break free from the liquid and enter the air as gas. This happens at all temperatures but accelerates with heat, lower humidity, and increased airflow.

Q: How does a magnet attract metal?
A: Magnets produce a magnetic field generated by aligned electron spins inside the magnet. When a ferromagnetic metal (such as iron) enters this field, the electrons in the metal align with the field, temporarily turning the metal into a magnet itself. The two fields then attract each other.

Now please answer this question in the same style:
Q: How does photosynthesis work?
A:","Photosynthesis is the process by which plants, algae, and some bacteria convert light energy into chemical energy. Using chlorophyll to absorb sunlight, these organisms transform water and carbon dioxide into glucose (a type of sugar) and oxygen. The process occurs in two main stages: the light-dependent reactions, which capture solar energy, and the light-independent reactions (the Calvin cycle), which use that captured energy to synthesize sugar molecules.",5,4
F1cot,factual,chain_of_thought,"How does photosynthesis work?

Think through this step by step, working through your reasoning carefully before giving your final answer.","To understand how photosynthesis works, it is helpful to view it not just as a single event, but as a two-stage biological manufacturing process. The goal of the process is to convert solar energy into chemical energy stored in the bonds of sugar (glucose).

Here is the step-by-step breakdown of the process.

---

### 1. The Big Picture: The Chemical Equation
Before diving into the mechanics, we must look at the ""recipe."" Photosynthesis takes three simple ingredients and transforms them into two main products:

**$6CO_2$ (Carbon Dioxide) + $6H_2O$ (Water) + Light Energy $\rightarrow$ $C_6H_{12}O_6$ (Glucose) + $6O_2$ (Oxygen)**

*   **Inputs:** Carbon dioxide from the air, water from the soil, and sunlight.
*   **Outputs:** Glucose (food for the plant) and Oxygen (a byproduct released into the atmosphere).

---

### 2. The Location: The Chloroplast
Photosynthesis takes place inside specialized organelles called **chloroplasts**, found mostly in the leaf cells of plants. 
*   Inside the chloroplast are pancake-like structures called **thylakoids**. These contain **chlorophyll**, the green pigment that acts as a solar panel to capture light.
*   The space surrounding the thylakoids is called the **stroma** (the ""fluid"" of the chloroplast).

---

### 3. Stage One: The Light-Dependent Reactions
**Location:** The Thylakoid Membranes
**Goal:** Convert light energy into ""battery"" molecules (ATP and NADPH).

This stage functions like a power plant. Here is the sequence:

1.  **Light Absorption:** Sunlight hits the chlorophyll molecules. This energy ""excites"" electrons within the chlorophyll, boosting them to a higher energy state.
2.  **The Splitting of Water (Photolysis):** To replace the electrons that were energized and sent moving through the system, the plant splits a water molecule ($H_2O$). 
    *   This releases **electrons** (to keep the cycle going).
    *   This releases **hydrogen ions** ($H^+$).
    *   This releases **Oxygen** ($O_2$) as a waste product, which exits the leaf.
3.  **The Electron Transport Chain (ETC):** The high-energy electrons move through a series of proteins in the membrane. As they move, they provide the energy to pump hydrogen ions into the thylakoid, creating a concentration gradient (like water building up behind a dam).
4.  **Charging the Batteries:** 
    *   The movement of hydrogen ions back across the membrane through a special enzyme (ATP synthase) generates **ATP** (adenosine triphosphate).
    *   At the end of the chain, the electrons are picked up by a molecule called $NADP^+$, turning it into **NADPH**.

**Result of Stage 1:** The plant has converted sunlight into temporary chemical energy in the form of **ATP** and **NADPH**.

---

### 4. Stage Two: The Light-Independent Reactions (The Calvin Cycle)
**Location:** The Stroma
**Goal:** Use the ""batteries"" from Stage 1 to turn $CO_2$ into sugar.

This stage does not require light directly, but it relies entirely on the ATP and NADPH produced in the first stage. This is the ""assembly line"" phase.

1.  **Carbon Fixation:** Carbon dioxide ($CO_2$) enters the plant through tiny pores in the leaves called stomata. An enzyme called **RuBisCO** takes the inorganic $CO_2$ and attaches it to an organic molecule already present in the cycle.
2.  **Reduction (The Building Phase):** Using the energy from **ATP** and the high-energy electrons from **NADPH**, the plant chemically transforms the newly fixed carbon into a three-carbon sugar called **G3P**.
3.  **Sugar Production:** While some G3P molecules stay in the cycle to keep it running, others exit the cycle. Two of these G3P molecules eventually combine to create one molecule of **glucose** ($C_6H_{12}O_6$).
4.  **Regeneration:** The remaining molecules are recycled using more ATP to reset the cycle so it can accept more $CO_2$.

---

### Summary Table

| Feature | Light-Dependent Reactions | Calvin Cycle (Light-Independent) |
| :--- | :--- | :--- |
| **Location** | Thylakoid Membrane | Stroma |
| **Input** | Light, $H_2O$, $ADP$, $NADP^+$ | $CO_2$, $ATP$, $NADPH$ |
| **Output** | $O_2$, $ATP$, $NADPH$ | Glucose ($C_6H_{12}O_6$), $ADP$, $NADP^+$ |
| **Main Purpose** | Capture solar energy | Fix carbon into sugar |",5,5
F1r,factual,role,You are an expert science teacher with twenty years of experience explaining complex concepts clearly. How does photosynthesis work?,"Hello there! Pull up a chair. I’ve been teaching this lesson for two decades, and it is hands-down my favorite topic because it is the foundation of almost all life on Earth. 

If you want to understand photosynthesis, don's think of it as a scary chemical equation. Instead, I want you to imagine a **solar-powered kitchen.**

Every green plant is essentially a tiny, biological factory. Its goal is simple: **Take low-energy ingredients from the environment and use sunlight to cook them into high-energy food (sugar).**

Let’s break it down into three parts: The Ingredients, The Kitchen, and The Two-Step Cooking Process.

---

### 1. The Ingredients (The Inputs)
To start cooking, the plant needs three basic things:
1.  **Sunlight:** This is the ""heat"" or the energy source for the kitchen.
2.  **Water ($H_2O$):** Absorbed through the roots from the soil.
3.  **Carbon Dioxide ($CO_2$):** Taken in from the air through tiny pores in the leaves called *stomata*.

### 2. The Kitchen (The Chloroplast)
If you were to look at a leaf under a powerful microscope, you’d see tiny green structures called **chloroplasts**. These are the ""kitchens"" of the cell. 

Inside these kitchens, there is a pigment called **chlorophyll**. This is the ""solar panel."" It’s the substance that actually catches the sunlight. It’s also why plants look green—it absorbs red and blue light but reflects the green light back to our eyes.

### 3. The Two-Step Cooking Process
Photosynthesis doesn't happen all at once. It happens in two distinct stages.

#### Stage 1: The Light-Dependent Reactions (The ""Charging"" Phase)
*Think of this as charging a battery.*

In this stage, sunlight hits the chlorophyll. This energy is so intense that it actually **splits** the water molecules ($H_2O$) apart. 
*   When the water splits, it releases **Oxygen ($O_2$)**. This is a ""waste product"" for the plant, so it breathes it out into the atmosphere. (Lucky for us—this is the oxygen we breathe!)
*   The most important part, however, is that the splitting of water creates small, energized molecules called **ATP** and **NADPH**. 

**The goal of Stage 1 isn't to make food; it’s to capture energy and store it in these ""biological batteries.""**

#### Stage 2: The Light-Independent Reactions / The Calvin Cycle (The ""Building"" Phase)
*Think of this as using the battery to run a blender.*

Now, the plant has the energy (ATP and NADPH) it needs, but it doesn't have the food yet. It moves into the second stage, which doesn't need direct sunlight, but it *does* need those batteries we just charged.

The plant takes the **Carbon Dioxide ($CO_2$)** it gathered from the air and uses the energy from the ""batteries"" to break the $CO_2$ apart and reassemble the carbon atoms. Through a complex series of reshuffling, the plant builds a molecule called **Glucose ($C_6H_{12}O_6$)**.

**Glucose is the plant's food.** It’s a stable, energy-rich sugar that the plant can use to grow, build new leaves, or store for later (which is how we get energy when we eat fruits and vegetables!).

---

### Summary: The Big Picture

If you were to write this on a chalkboard for a final exam, the ""recipe"" looks like this:

$$\text{Carbon Dioxide} + \text{Water} + \text{Light Energy} \rightarrow \text{Glucose} + \text{Oxygen}$$

**To recap:**
*   **The Sun** provides the power.
*   **The Water** provides the electrons and creates the oxygen we breathe.
*   **The Carbon Dioxide** provides the carbon ""bricks"" to build the sugar.
*   **The Result** is sugar (food for the plant) and oxygen (food for us).

Does that make sense? It’s a beautiful, elegant cycle. Without this ""solar kitchen"" working every second of the day, the Earth would be a barren rock. Any questions on the two stages?",5,4
F1aud,factual,audience,I am a curious high school student who has not studied this topic before. How does photosynthesis work?,"Welcome to one of the most important biological processes on Earth! 

To understand photosynthesis, you don't need to be a scientist. You just need to think of a plant as a **tiny, solar-powered factory.** 

The word itself gives you a hint: **""Photo""** means light, and **""synthesis""** means putting things together. So, photosynthesis is the process of using light to put molecules together to make food.

Here is the breakdown of how the factory works.

---

### 1. The Ingredients (The ""Inputs"")
Just like baking a cake, a plant needs specific ingredients to start the process. It takes three things from its environment:

1.  **Sunlight:** This is the energy that powers the entire factory.
2.  **Water ($H_2O$):** Absorbed from the soil through the plant's roots.
3.  **Carbon Dioxide ($CO_2$):** Absorbed from the air through tiny pores in the leaves called *stomata*.

### 2. The Factory (The ""Chloroplast"")
Inside a plant's leaves, there are millions of tiny microscopic structures called **chloroplasts**. This is where the magic happens. 

Inside these chloroplasts is a green pigment called **chlorophyll**. Think of chlorophyll as the plant's ""solar panels."" Its job is to capture the energy from sunlight. This is also why most plants look green—chlorophyll reflects green light while absorbing the red and blue light.

### 3. The Process (The Two Stages)
Photosynthesis doesn't happen all at once; it happens in two distinct stages.

#### Stage 1: The Light-Dependent Reactions (The ""Charging"" Stage)
*   **Where:** Inside the ""pancakes"" (called thylakoids) within the chloroplast.
*   **What happens:** Sunlight hits the chlorophyll, and that energy is used to split water molecules ($H_2O$) apart. 
*   **The Result:** When the water splits, it releases **Oxygen ($O_2$)** as a byproduct. This is the oxygen that you and I breathe! This stage also creates two ""rechargeable battery"" molecules (called ATP and NADPH) that will power the next stage.

#### Stage 2: The Light-Independent Reactions / The Calvin Cycle (The ""Building"" Stage)
*   **Where:** In the fluid surrounding the ""pancakes"" (called the stroma).
*   **What happens:** This stage doesn't need direct sunlight, but it *does* need the ""batteries"" created in Stage 1. The plant takes the **Carbon Dioxide ($CO_2$)** it gathered from the air and uses the energy from the batteries to break it apart and rebuild it.
*   **The Result:** The plant assembles the carbon atoms into a simple sugar called **Glucose ($C_6H_{12}O_6$)**.

### 4. The Final Product (The ""Outputs"")
After the factory has finished its work, we have two main results:
1.  **Glucose (The Food):** This is the plant's primary source of energy. It uses this sugar to grow, build new leaves, and create seeds. When you eat a vegetable, you are essentially eating the solar energy the plant stored in this sugar.
2.  **Oxygen (The Waste):** To the plant, oxygen is just a leftover byproduct of splitting water. It ""breathes"" it out into the atmosphere.

---

### Summary: The ""Recipe""
If you were to write this as a chemical equation (which you will likely see in biology class soon), it looks like this:

$$6CO_2 + 6H_2O + \text{Light Energy} \rightarrow C_6H_{12}O_6 + 6O_2$$

**In plain English:**
Six molecules of Carbon Dioxide + Six molecules of Water + Sunlight $\rightarrow$ One molecule of Glucose + Six molecules of Oxygen.

### Why should you care?
Without photosynthesis, life as we know it would end. 
*   **Food:** Almost every food chain starts with a plant. Without them, there is no food for herbivores, and therefore no food for carnivores.
*   **Air:** Photosynthesis is the primary source of the oxygen in our atmosphere. 

**You are essentially living on the ""exhaust"" of the world's largest solar-powered factory!**",5,5
F1emo,factual,emotion,"How does photosynthesis work?

This is critically important. My career and future depend on getting this right.","Since you have stated that the accuracy of this information is critical to your career, I will provide a highly precise, technical, and structured breakdown of photosynthesis. This explanation follows the standard biological model taught in advanced biochemistry and plant physiology.

---

### The Fundamental Equation
Photosynthesis is the process of converting light energy into chemical energy stored in glucose. The overall balanced equation is:

$$6CO_2 + 6H_2O + \text{light energy} \rightarrow C_6H_{12}O_6 + 6O_2$$

**The core concept:** The plant uses light to strip electrons from water (releasing oxygen) and uses those electrons to ""fix"" carbon from $CO_2$ into a high-energy sugar molecule.

---

### 1. The Location: The Chloroplast
Photosynthesis occurs within the **chloroplast**. To understand the process, you must distinguish between two specific compartments:
*   **Thylakoids:** Flattened, membrane-bound sacs arranged in stacks (grana). This is the site of the **Light-Dependent Reactions**.
*   **Stroma:** The fluid-filled space surrounding the thylakoids. This is the site of the **Light-Independent Reactions (Calvin Cycle)**.

---

### 2. Phase I: The Light-Dependent Reactions
**Goal:** To convert solar energy into chemical ""batteries"" ($ATP$ and $NADPH$).

**The Process (Step-by-Step):**
1.  **Photon Absorption:** Light hits **Photosystem II (PSII)**. This excites electrons in the chlorophyll molecules to a higher energy state.
2.  **Photolysis (The Splitting of Water):** To replace the ""lost"" electrons in PSII, an enzyme splits water molecules:
    $$H_2O \rightarrow 2H^+ + 2e^- + \frac{1}{2}O_2$$
    *Crucial Note:* The **Oxygen ($O_2$)** released as a byproduct comes from the **water**, not the $CO_2$.
3.  **Electron Transport Chain (ETC):** The high-energy electrons travel from PSII through a series of membrane proteins (including the Cytochrome complex).
4.  **Chemiosmosis (ATP Production):** As electrons move through the ETC, their energy is used to pump protons ($H^+$) from the stroma into the thylakoid lumen. This creates a massive electrochemical gradient. As $H^+$ flows back out through the enzyme **ATP Synthase**, $ADP$ is phosphorylated into **ATP**.
5.  **Photosystem I (PSI) and NADPH:** The electrons arrive at **Photosystem I**. They are re-energized by more light and are eventually passed to $NADP^+$. The enzyme $NADP^+$ reductase adds the electrons and a proton to create **$NADPH$**.

**Phase I Summary Output:** $ATP$, $NADPH$, and $O_2$ (waste).

---

### 3. Phase II: The Light-Independent Reactions (The Calvin Cycle)
**Goal:** To use the energy from Phase I to ""fix"" inorganic $CO_2$ into organic glucose.

This occurs in the **Stroma** and does not require light directly, but it *does* require the $ATP$ and $NADPH$ produced in the light reactions.

**The Three Stages of the Calvin Cycle:**

1.  **Carbon Fixation:**
    A molecule of $CO_2$ is attached to a 5-carbon sugar called **RuBP** (Ribulose bisphosphate). This reaction is catalyzed by the enzyme **RuBisCO** (the most abundant enzyme on Earth). This creates an unstable 6-carbon intermediate that immediately splits into two molecules of **3-PGA** (3-phosphoglycerate).

2.  **Reduction:**
    The $ATP$ and $NADPH$ from the light reactions are used to convert the 3-PGA molecules into a high-energy 3-carbon sugar called **G3P** (Glyceraldehyde 3-phosphate).
    *   *Note:* For every three turns of the cycle, one G3P molecule exits the cycle to eventually become **glucose**.

3.  **Regeneration:**
    The remaining G3P molecules use more $ATP$ to rearrange themselves back into **RuBP**. This allows the cycle to continue and accept more $CO_2$.

**Phase II Summary Output:** $G3P$ (which becomes glucose/starch/cellulose), $ADP$, and $NADP^+$.

---

### Summary Cheat Sheet for High-Stakes Review

| Feature | Light-Dependent Reactions | Light-Independent (Calvin Cycle) |
| :--- | :--- | :--- |
| **Location** | Thylakoid Membrane | Stroma |
| **Input** | Light, $H_2O$, $ADP$, $NADP^+$ | $CO_2$, $ATP$, $NADPH$ |
| **Output** | $O_2$, $ATP$, $NADPH$ | $G3P$ (Sugar), $ADP$, $NADP^+$ |
| **Key Enzyme** | ATP Synthase / NADP+ Reductase | **RuBisCO** |
| **Primary Purpose** | Energy Capture | Carbon Fixation |

### Three ""Trap"" Concepts to Avoid:
1.  **The Source of Oxygen:** If asked where the $O_2$ comes from, it is **always** the splitting of water ($H_2O$), never the $CO_2$.
2.  **The Role of Light:** The Calvin Cycle does not use photons, but it is ""light-dependent"" in practice because it will starve for $ATP",4,5
F2b,factual,baseline,What causes the seasons on Earth?,"The primary cause of the seasons on Earth is **the tilt of Earth's axis** combined with its **orbit around the Sun.**

A common misconception is that seasons are caused by Earth getting closer to or farther from the Sun. In reality, Earth’s distance from the Sun has very little to do with the seasons. In fact, when the Northern Hemisphere is experiencing winter, Earth is actually at its closest point to the Sun (periheloi).

Here is the scientific breakdown of how it works:

### 1. The Axial Tilt (Obliquity)
Earth does not sit upright as it orbits the Sun; its axis is tilted at an angle of approximately **23.5 degrees**. This tilt remains relatively fixed in the same direction (pointing toward the North Star) as Earth moves through its orbit.

### 2. The Orbit and the Angle of Sunlight
Because of this tilt, as Earth orbits the Sun, different parts of the planet receive varying amounts of direct sunlight throughout the year.

*   **Summer:** When a hemisphere (North or South) is **tilted toward the Sun**, it receives more direct sunlight. The sun appears higher in the sky, and the solar rays hit the Earth at a steep, concentrated angle. This concentrates more energy on a smaller surface area, leading to warmer temperatures.
*   **Winter:** When a hemisphere is **tilted away from the Sun**, it receives sunlight at a shallow, oblique angle. The solar energy is spread out over a much larger surface area, making the sunlight less intense and leading to colder temperatures.
*   **Spring and Fall (Equinoxes):** During these times, the tilt is neither toward nor away from the Sun. The Sun shines directly on the equator, and both hemispheres experience roughly equal amounts of light and darkness.

### 3. The Duration of Daylight
The tilt also affects how long the Sun stays above the horizon. 
*   In the **summer**, the hemisphere tilted toward the Sun stays in the sunlight for a longer portion of the Earth's rotation, resulting in longer days and more time for the surface to heat up.
*   In the **winter**, the hemisphere tilted away spends more time in the Earth's shadow, resulting in shorter days and less time for solar heating.

### Summary Table
| Season (Northern Hemisphere) | Tilt Direction | Sunlight Angle | Day Length |
| :--- | :--- | :--- | :--- |
| **Summer** | Toward the Sun | Direct / Steep | Long days |
| **Winter** | Away from the Sun | Indirect / Shallow | Short days |
| **Spring/Fall** | Sideways to Sun | Evenly distributed | Equal day/night |",5,5
F2fs,factual,few_shot,"Here are some examples of clear, accurate answers:

Q: How does evaporation work?
A: Evaporation is the process by which liquid water turns into water vapor. Heat energy causes water molecules at the surface to move faster, and some gain enough energy to break free from the liquid and enter the air as gas. This happens at all temperatures but accelerates with heat, lower humidity, and increased airflow.

Q: How does a magnet attract metal?
A: Magnets produce a magnetic field generated by aligned electron spins inside the magnet. When a ferromagnetic metal (such as iron) enters this field, the electrons in the metal align with the field, temporarily turning the metal into a magnet itself. The two fields then attract each other.

Now please answer this question in the same style:
Q: What causes the seasons on Earth?
A:","Seasons are caused by the 23.5-degree tilt of Earth's axis relative to its orbital plane. As Earth orbits the Sun, this tilt causes different hemispheres to receive varying intensities of solar radiation and different durations of daylight. When a hemisphere is tilted toward the Sun, it receives more direct sunlight and longer days, resulting in summer; when it is tilted away, sunlight hits at a shallower angle and days are shorter, resulting in winter.",5,4
F2cot,factual,chain_of_thought,"What causes the seasons on Earth?

Think through this step by step, working through your reasoning carefully before giving your final answer.","To understand what causes the seasons, we must move away from the common misconception that the Earth's distance from the Sun changes significantly enough to cause temperature shifts. Instead, we must look at the relationship between the Earth's orientation and its orbit.

Here is the step-sstep reasoning:

### 1. The Axial Tilt (The Primary Factor)
The Earth does not sit upright in its orbit. Instead, it rotates on an axis that is tilted at an angle of approximately **23.5 degrees** relative to its orbital plane (the plane of the Earth's path around the Sun). This tilt is fixed in space; as the Earth moves around the Sun, the axis continues to point toward the same direction (towably the North Star, Polaris).

### 2. The Orbital Revolution
As the Earth completes its 365-day journey around the Sun, the tilt causes different parts of the planet to receive varying amounts of solar energy. Because the tilt remains fixed, the hemisphere (North or South) that is leaning **toward** the Sun changes depending on where the Earth is in its orbit.

### 3. The Mechanism of Heat: Angle and Intensity
The seasons are driven by two specific consequences of this tilt:

*   **Angle of Sunlight (Solar Intensity):** When a hemisphere is tilted toward the Sun, the sunlight hits that part of the Earth at a more direct, vertical angle. This concentrates the solar energy into a smaller surface area, making it much hotter. When a hemisphere is tilted away, the sunlight hits at a shallow, oblique angle. This spreads the same amount of energy over a much larger surface area, making the light ""weaker"" and the temperature lower.
*   **Duration of Daylight:** The tilt also affects how much time a specific location spends in the sunlight during a 24-hour rotation. When a hemisphere is tilted toward the Sun, it spends more time in the light and less time in the Earth's shadow, leading to longer days and more time to accumulate heat.

### 4. Putting it Together: The Seasonal Cycle
*   **Summer:** The hemisphere tilted **toward** the Sun experiences direct sunlight and longer days, leading to warmer temperatures.
*   **Winter:** The hemisphere tilted **away** from the Sun experiences slanted sunlight and shorter days, leading to colder temperatures.
*   **Spring and Autumn (Equinoxes):** At two points in the orbit, the tilt is neither toward nor away from the Sun (the tilt is ""sideways"" relative to the Sun). During these times, both hemispheres receive roughly equal sunlight, resulting in moderate temperatures.

### 5. Addressing the Distance Misconception
It is worth noting that the Earth’s orbit is an ellipse, meaning we do get closer to and farther from the Sun. However, the Earth is actually closest to the Sun (perihelion) in early January, which is mid-winter for the Northern Hemisphere. This proves that distance is not the cause of the seasons; if it were, the entire planet would experience summer at the same time.

***

**Final Answer:**
The seasons are caused by the **23.5-degree tilt of the Earth's axis** combined with its **orbital revolution around the Sun**. This tilt causes the intensity of sunlight (the angle at which light hits the surface) and the duration of daylight to change throughout the year, creating the cycle of summer, winter, spring, and autumn.",5,5
F2r,factual,role,You are an expert science teacher with twenty years of experience explaining complex concepts clearly. What causes the seasons on Earth?,"Hello there! It is a pleasure to meet you. That is one of the most fundamental questions in planetary science, and it’s also one of the most common ""trick"" questions in my classroom.

Before we dive into the real answer, I have to address the most common misconception. Many people believe that seasons are caused by the Earth getting closer to or farther away from the Sun. If that were true, we would have summer when we are closest to the Sun and winter when we are farthest away. But in reality, Earth is actually closest to the Sun in January—right in the middle of our Northern Hemisphere's winter!

So, if it isn't distance, what is it? The answer lies in one specific, beautiful detail: **The Tilt.**

### 1. The Axial Tilt
Imagine the Earth as a spinning top. As it spins, it doesn't sit perfectly upright; it leans to one side. This lean is called **axial tilt**, and for Earth, it is about **23.5 degrees**. 

As the Earth orbits the Sun throughout the year, this tilt remains fixed in space. This means that for half of our orbit, the North Pole is leaning *toward* the Sun, and for the other half, it is leaning *away* from the Sun.

### 2. The Two Pillars of Seasonality
The tilt creates seasons through two distinct physical mechanisms: **Intensity** and **Duration**.

#### **A. Solar Intensity (The Flashlight Analogy)**
This is the most important part. Think of a flashlight. If you shine it directly at a piece of paper, you get a bright, intense, concentrated circle of light. But if you tilt the flashlight at an angle, that same amount of light spreads out over a much larger area. The light becomes ""diluted"" and less intense.

*   **Summer:** When your hemisphere is tilted toward the Sun, the sunlight hits much more directly (at a steep angle). The energy is concentrated, heating the ground much more effectively.
*   **Winter:** When your hemisphere is tilted away, the sunlight hits at a shallow, glancing angle. The same amount of solar energy is spread across a much larger surface area, meaning less heat is deposited per square inch.

#### **B. Day Length (The Duration of Heating)**
The tilt also dictates how much time a specific part of Earth spends in the sunlight.
*   **Summer:** Because of the tilt, the Sun stays above the horizon for a much longer period. More hours of sunlight mean more time for the Earth's surface to absorb heat.
*   **Winter:** The Sun stays low in the sky and sets much earlier. The Earth has fewer hours of solar ""recharging"" and more hours of nighttime, where the heat can escape back into space.

### 3. Putting it All Together: The Cycle
Let’s walk through the year:

*   **Summer Solstice:** The North Pole is tilted at its maximum toward the Sun. We have our longest day and most intense sunlight.
*   **Winter Solstice:** The North Pole is tilted at its maximum away from the Sun. We have our shortest day and most slanted, weak sunlight.
*   **The Equinoxes (Spring and Autumn):** These are the two points in the orbit where the tilt isn't leaning toward or away from the Sun. The Sun shines directly over the equator, and day and night are roughly equal everywhere on Earth.

### Summary for your notes:
If you ever find yourself explaining this to a friend, just remember: **It’s not about how close we are; it’s about the angle of the light.** The tilt changes the **concentration** of the energy and the **amount of time** we receive it.

Does that help clarify things, or would you like to dive deeper into how this affects our weather patterns?",5,5
F2aud,factual,audience,I am a curious high school student who has not studied this topic before. What causes the seasons on Earth?,"It is a very common mistake to think that seasons are caused by the Earth getting closer to or farther away from the Sun. In fact, if that were true, the entire planet would have summer at the same time!

The real reason we have seasons is much more interesting: **It is all about the tilt of the Earth.**

Here is the breakdown of how it works.

### 1. The Axial Tilt
Imagine the Earth is a spinning top. As it spins, it doesn''t sit perfectly upright. Instead, it leans to one side. This ""lean"" is called **axial tilt**, and for Earth, it is about **23.5 degrees**.

As Earth orbits the Sun once a year, this tilt stays pointed in the same direction in space. This means that for half of the year, the North Pole is leaning *toward* the Sun, and for the other half, it is leaning *away* from the Sun.

### 2. Direct vs. Indirect Sunlight (The ""Flashlight Effect"")
This is the most important part. The tilt changes how much energy the Sun's rays deliver to a specific part of the Earth. 

Think about holding a flashlight:
* **Direct Light:** If you shine the flashlight straight down at the floor, you get a bright, intense, small circle of light. This is like **Summer**. The Sun's rays hit the Earth at a steep angle, concentrating all their heat on a small area.
* **Indirect Light:** If you tilt the flashlight at a sharp angle, the light spreads out into a large, dim oval. The light is ""stretched"" over a larger area, so it feels less intense. This is like **Winter**. The Sun's rays hit the Earth at a shallow angle, spreading the same amount of energy over a much larger space.

### 3. Putting it all together
Because of that 23.5-degree tilt, two things happen simultaneously:

* **Summer:** When your hemisphere (the half of Earth you live in) is tilted **toward** the Sun, you receive more direct sunlight and the days are longer. The concentrated energy heats the ground up, creating summer.
* **Winter:** When your hemisphere is tilted **away** from the Sun, the sunlight hits at a shallow angle (spreading the heat out) and the days are shorter. This results in much less solar energy reaching you, creating winter.

### Summary Table
| Feature | Summer | Winter |
| :--- | :--- | :--- |
| **Tilt Direction** | Toward the Sun | Away from the Sun |
| **Sunlight Angle** | Direct (Concentrated) | Indirect (Spread out) |
| **Day Length** | Longer days | Shorter days |
| **Temperature** | Warmer | Cooler |

***

**A Fun Fact to Prove the Theory:**
If distance were the cause, the Southern Hemisphere (like Australia) would have summer at the same time as the Northern Hemisphere (like the USA). But they are opposites! When it is summer in New York, it is winter in Sydney. This can only happen because of the tilt!",5,4
F2emo,factual,emotion,"What causes the seasons on Earth?

This is critically important. My career and future depend on getting this right.","Since you have emphasized the importance of this information, I will provide a precise, scientifically accurate explanation.

The seasons are **not** caused by the distance between the Earth and the Sun. They are caused by the **23.5-degree tilt of Earth's axis** as it orbits the Sun.

Here is the breakdown of the three mechanical components that create the seasons:

### 1. The Axial Tilt (The Core Cause)
Earth does not sit ""straight up and down"" relative to its orbit around the Sun. Its axis is tilted at an angle of approximately 23.5 degrees. As Earth orbits the Sun, this tilt remains fixed in the same direction in space (pointing toward the North Star, Polaris).

Because the tilt stays fixed, different parts of the Earth are leaned toward the Sun at different points in the orbit.

### 2. The Angle of Sunlight (Solar Intensity)
This is the most critical factor for temperature. 
*   **Summer:** When a hemisphere (e.g., the Northern Hemisphere) is tilted **toward** the Sun, the Sun’s rays hit that part of the Earth at a direct, vertical angle. This concentrates the solar energy into a small, intense area, heating the ground significantly.
*   **Winter:** When a hemisphere is tilted **away** from the Sun, the rays hit at a shallow, oblique angle. This spreads the same amount of solar energy over a much larger surface area, making the energy ""diluted"" and much weaker, resulting in colder temperatures.

### 3. The Duration of Daylight (Day Length)
The tilt also dictates how much time a specific region spends in the ""lit"" portion of the Earth during a 24-hour rotation.
*   **Summer:** The hemisphere tilted toward the Sun stays in the sunlight for a longer portion of its rotation, leading to longer days and more time for the surface to absorb heat.
*   **Winter:** The hemisphere tilted away spends more time in the Earth's own shadow, leading to shorter days and less time for solar heating.

---

### Crucial Clarification: The ""Distance"" Myth
A common misconception is that seasons are caused by Earth getting closer to or farther from the Sun. **This is false.**

In fact, Earth reaches **perihelion** (its closest point to the Sun) in early **January**, which is mid-winter for the Northern Hemisphere. If distance were the cause, the entire planet would experience summer at the same time. Instead, while the Northern Hemisphere is freezing, the Southern Hemisphere is experiencing summer because it is tilted toward the Sun.

### Summary Table for Quick Reference

| Feature | Summer (Hemisphere tilted toward Sun) | Winter (Hemisphere tilted away) |
| :--- | :--- | :--- |
| **Sun Angle** | Direct / Vertical (High intensity) | Oblique / Slanted (Low intensity) |
| **Day Length** | Longer days | Shorter days |
| **Solar Energy** | Concentrated over small area | Spread over large area |
| **Result** | Heating exceeds cooling | Cooling exceeds heating |

**Key Terms to Remember:**
*   **Solstice:** The two points in the orbit where the Sun reaches its highest or lowest point in the sky (marking the start of summer and winter).
*   **Equinox:** The two points in the orbit where the Earth's tilt is neither toward nor away from the Sun, resulting in nearly equal day and night everywhere (marking the start of spring and autumn).",5,5
F3b,factual,baseline,How does a vaccine train the immune system?,"To understand how a vaccine works, it is helpful to think of your immune system as a **highly trained security force** and a vaccine as a **training simulation.**

The goal of a vaccine is to teach your immune system to recognize and fight a specific pathogen (like a virus or bacteria) without you having to actually get sick from the real disease.

Here is the step-by-step biological process of how that training happens.

---

### 1. The Introduction (The ""Wanted Poster"")
Every germ has unique features, such as specific proteins or sugars on its surface. In biology, these markers are called **antigens**. 

A vaccine introduces a harmless version of these antigens into your body. Depending on the type of vaccine, this could be:
*   A weakened or ""dead"" version of the germ.
*   Just a tiny piece of the germ (like a protein).
*   Instructions (mRNA) that tell your cells how to make a piece of the germ's protein.

**The key is that the vaccine contains the ""fingerprint"" of the enemy, but not the ""weaponry"" to cause the disease.**

### 2. The Detection (The Alarm)
Once the vaccine is injected, your immune system’s ""scout"" cells (called **macrophages** and **dendritic cells**) encounter these antigens. They recognize that these proteins do not belong in your body. 

These scouts ""eat"" the antigens and carry them to the nearest lymph node, where they present the pieces to the ""generals"" of the immune system.

### 3. The Response (The Training Exercise)
This is where the actual ""training"" happens. The scouts present the antigens to two main types of white blood cells:

*   **B-cells (The Weapons Factory):** Once activated, B-cells begin mass-producing **antibodies**. Antibodies are Y-shaped proteins specifically designed to lock onto that exact antigen. Think of them like custom-made handcuffs that bind to the virus, preventing it from entering your cells and marking it for destruction.
*   **T-cells (The Infantry):** 
    *   **Helper T-cells** act as the commanders, coordinating the entire attack and signaling other cells to join the fight.
    *   **Killer T-cells** are trained to identify and destroy your own cells if they become ""hijacked"" by a virus.

### 4. The Memory (The ""Most Wanted"" List)
This is the most critical part of vaccination. After the ""simulation"" (the vaccine) is over and the antigens are cleared from your system, your body doesn't forget what it learned.

It creates **Memory B-cells** and **Memory T-cells**. These cells live in your body for months, years, or even a lifetime. They act like a **""Most Wanted"" poster** circulating in your bloodstream. They ""remember"" exactly what that specific antigen looks like and exactly which antibodies are needed to defeat it.

### 5. The Real Encounter (The Actual War)
If you are ever exposed to the **actual, dangerous pathogen** in the future, your immune system doesn't have to spend days figuring out how to fight it. 

The Memory cells recognize the intruder instantly. They immediately trigger a massive, rapid production of antibodies and killer T-cells. Because the response is so fast and powerful, the pathogen is usually destroyed before you even realize you were exposed, preventing you from feeling sick or spreading the disease to others.

---

### Summary Table

| Feature | The Vaccine (Training) | The Real Pathogen (The Attack) |
| :--- | :--- | :--- |
| **Threat Level** | Low/Non-existent | High/Dangerous |
| **Immune Reaction** | Slow, controlled, and safe | Rapid, intense, and potentially damaging |
| **Goal** | To create ""Memory Cells"" | To replicate and cause disease |
| **Outcome** | Immunity and protection | Illness, potential long-term damage |",5,5
F3fs,factual,few_shot,"Here are some examples of clear, accurate answers:

Q: How does evaporation work?
A: Evaporation is the process by which liquid water turns into water vapor. Heat energy causes water molecules at the surface to move faster, and some gain enough energy to break free from the liquid and enter the air as gas. This happens at all temperatures but accelerates with heat, lower humidity, and increased airflow.

Q: How does a magnet attract metal?
A: Magnets produce a magnetic field generated by aligned electron spins inside the magnet. When a ferromagnetic metal (such as iron) enters this field, the electrons in the metal align with the field, temporarily turning the metal into a magnet itself. The two fields then attract each other.

Now please answer this question in the same style:
Q: How does a vaccine train the immune system?
A:","A vaccine introduces a harmless piece of a pathogen, known as an antigen, into the body to simulate an infection. This triggers the immune system to recognize the antigen as foreign, prompting white blood cells, such as B-cells and T-cells, to mount a targeted response. During this process, the body produces specific antibodies to neutralize the antigen and creates ""memory cells"" that remain in the bloodstream. If the actual pathogen ever enters the body, these memory cells recognize it immediately and trigger a rapid, effective defense to prevent illness.",5,4
F3cot,factual,chain_of_thought,"How does a vaccine train the immune system?

Think through this step by step, working through your reasoning carefully before giving your final answer.","To understand how a vaccine trains the immune system, it is helpful to think of the immune system not just as a shield, but as an **intelligence agency** that needs to recognize ""targets"" before they can effectively neutralize them.

Here is the step-by-step reasoning of how this training process works.

---

### 1. The Introduction of the ""Wanted Poster"" (The Antigen)
The primary goal of a vaccine is to introduce an **antigen** to the body. An antigen is a specific piece of a pathogen (like a protein from a virus or a piece of a bacterial cell wall) that the immune system can recognize.

*   **The Vaccine's Role:** Instead of using a live, dangerous pathogen, the vaccine uses a ""harlegmless"" version—such as a weakened virus, a dead virus, a single protein, or even just the genetic instructions (mRNA) to make a protein.
*   **The Logic:** The vaccine provides the ""blueprint"" or the ""Wanted Poster"" without the actual danger of the disease. It tells the body, *""This is what the enemy looks like, but it cannot actually hurt you.""*

### 2. Detection by the First Responders (The Innate Immune System)
When the vaccine enters the body, it is immediately noticed by the **innate immune system**. These are your body's frontline, non-specific defenders.

*   **Phagocytosis:** Specialized cells called **macrophages** and **dendritic cells** act like sentries. They encounter the vaccine components, ""eat"" them (a process called phagocytosis), and break them down.
*   **Antigen Presentation:** After breaking down the vaccine components, these cells move to the lymph nodes. They take small pieces of the antigen and display them on their surface. This is called **Antigen Presentation**. They are essentially ""showing"" the evidence to the rest of the immune system.

### 3. The Activation of the Command Center (T-Cells)
Once the dendritic cells arrive at the lymph nodes, they encounter **T-cells**, which are the ""intelligence officers"" of the adaptive immune system.

*   **Helper T-Cells:** These cells scan the antigens presented by the dendritic cells. When a Helper T-cell finds a match, it becomes activated. It begins releasing chemical signals called **cytokines**, which act as an alarm, calling for reinforcements and coordinating the entire attack.
*   **Cytotoxic T-Cells:** Some T-cells are trained specifically to identify and destroy cells that have been compromised by a virus. The vaccine ""trains"" these cells to recognize the specific signature of the pathogen.

### 4. The Production of Weapons (B-Cells and Antibodies)
With the ""alarm"" sounding, the **B-cells**—the body's ""weapon factories""—are activated.

*   **Antibody Creation:** Once activated by the Helper T-cells, B-cells begin cloning themselves and transforming into **plasma cells**. These plasma cells produce massive amounts of **antibodies**.
*   **Precision Engineering:** Antibodies are Y-shaped proteins designed to fit the specific antigen like a key in a lock. They circulate in the blood, ready to latch onto the actual pathogen, neutralizing it or marking it for destruction by other immune cells.

### 5. The Creation of the ""Library"" (Memory Cells)
This is the most critical step in ""training."" Once the vaccine components have been processed and the initial ""fake"" response has subsided, the body does not discard the information.

*   **Memory B and T Cells:** A subset of the activated cells transforms into **Memory Cells**. These cells are long-lived and can persist in the body for years, or even a lifetime.
*   **The Result:** The immune system now possesses a ""biological memory"" of the pathogen. The ""training"" is complete.

### 6. The Real Encounter (The Payoff)
The true test occurs when the person is exposed to the **actual, virulent pathogen** (the real disease).

*   **Instant Recognition:** Because of the memory cells created by the vaccine, the immune system does not have to spend days ""learning"" what the pathogen is. The memory cells recognize the invader instantly.
*   **Rapid Response:** The memory B-cells immediately pump out high volumes of specific antibodies, and the memory T-cells mobilize to destroy infected cells.
*   **Prevention:** The immune response is so fast and powerful that the pathogen is often neutralized before it can replicate enough to cause symptoms or significant illness.

***

### Summary of the Logic
1.  **Vaccine** = The Training Manual (Antigen).
2.  **Dendritic Cells** = The Instructors (Antigen Presentation).
3.  **T-Cells/B-Cells** = The Soldiers (Adaptive Response).
4.  **Antibodies** = The Weapons (Neutralization).
5.  **Memory Cells** = The Intelligence Database (Long-term Immunity).",5,4
F3r,factual,role,You are an expert science teacher with twenty years of experience explaining complex concepts clearly. How does a vaccine train the immune system?,"Hello there! Pull up a chair. I’ve spent two decades explaining the wonders of biology to students, and I love this question because it gets to the very heart of how our bodies protect us.

To understand how a vaccine works, I want you to stop thinking about medicine for a moment and instead think about a **military training simulation.**

Your immune system is like a highly sophisticated, elite security force. Its job is to patrol your ""borders"" (your skin, your lungs, your bloodstream) and identify anything that doesn't belong. But there is one problem: a security force is only as good as its intelligence. If a new, unknown enemy invades, the guards might not recognize them until the damage is already done.

A vaccine is essentially a **""War Game""** or a **""Wanted Poster""** for your immune system. Here is the step-by-step breakdown of how that training works.

### 1. The ""Mock Enemy"" (The Vaccine)
A vaccine introduces a ""preview"" of a pathogen (a virus or bacteria) into your body. Crucially, this preview is **not** the actual disease. It might be a tiny, harmless piece of the virus, a weakened version that can’t cause real trouble, or even just a set of instructions (like mRNA) that tells your cells how to make a single, harmless protein from the virus.

The key word here is **Antigen**. An antigen is a specific marker—like a unique hat or a specific uniform—that identifies the germ. The vaccine provides your immune system with these antigens without the danger of the actual infection.

### 2. The Identification (The Alarm Goes Off)
When the vaccine enters your body, your ""scout"" cells (specialized white blood cells) notice these foreign antigens. They realize, *""Hey, this protein doesn't belong in our database!""*

This triggers an alarm. The immune system begins to mobilize. It’s the biological equivalent of the alarm bells ringing in the security headquarters.

### 3. The Response (Building the Weapons)
Once the alarm is raised, your body begins a massive production effort. Two main ""units"" are activated:

*   **B-Cells (The Weapons Factory):** These cells start mass-producing **antibodies**. Think of antibodies as precision-guided missiles. They are custom-shaped to lock onto that specific antigen like a key into a lock. If they find the ""hat"" they were trained to recognize, they stick to it and neutralize it.
*   **T-Cells (The Special Forces):** Some T-cells act as ""assassins"" to destroy infected cells, while others act as ""commanders"" to coordinate the entire attack.

### 4. The Archives (Creating Memory)
This is the most important part of the process. After the ""mock battle"" (the vaccine) is over and the harmless antigens are cleared away, your body doesn't just forget what happened.

Your immune system creates **Memory Cells**. These are veteran soldiers that stay in your bloodstream for years, or even a lifetime. They carry the ""blueprints"" of the enemy. They essentially keep a ""Wanted"" poster filed away in a permanent archive.

### 5. The Real Encounter (The Payoff)
Now, let’s say months or years later, the **real, dangerous version** of the virus enters your body. 

In an unvaccinated person, the virus has the element of surprise. It can replicate and cause illness before the immune system even realizes what's happening.

But in a **vaccinated** person, the ""Veteran"" memory cells recognize the intruder instantly. They see that specific ""hat"" (the antigen) and say, *""We know you! We've seen your poster before!""* Because the blueprints are already in the archives, your body launches a massive, precision-strike response so quickly that the virus is wiped out before you even feel a single symptom.

***

**In short:** A vaccine doesn't fight the disease for you; it **educates** your body so that *you* can fight the disease yourself. It turns a chaotic, reactive response into a coordinated, proactive defense. 

Does that help clarify the process?",5,5
F3aud,factual,audience,I am a curious high school student who has not studied this topic before. How does a vaccine train the immune system?,"To understand how a vaccine works, it helps to think of your immune system not just as a biological shield, but as a **highly trained security force** that is constantly patrolling your body.

Here is a step-by-step guide to how that ""training"" happens, using an analogy of a security drill.

---

### 1. The Problem: The ""Surprise Attack""
Normally, when a new, dangerous virus (like the flu or COVID-19) enters your body, your immune system has never seen it before. It’s like a sudden, unannounced break-in.

Because the immune system doesn't recognize the intruder, it takes several days to:
1.  Identify that something is wrong.
2.  Figure out which specific ""weapons"" (antibodies) will work against this specific intruder.
3.  Mass-produce those weapons.

During those few days of ""figuring it out,"" the virus is busy multiplying and making you feel sick. This is the **infection period.**

### 2. The Vaccine: The ""Training Simulation""
A vaccine is essentially a **training simulation** or a **""Wanted"" poster.** 

The goal of a vaccine is to show your immune system what the enemy looks like *without* actually letting the enemy cause harm. A vaccine contains a tiny, harmless piece of the pathogen. This could be:
*   A weakened version of the virus (so it can't cause disease).
*   A ""dead"" version of the virus.
*   Just a tiny piece of the virus (like a single protein from its surface).
*   Instructions (like mRNA) that tell your cells how to temporarily make a tiny, harmless piece of the virus protein.

Crucially, the vaccine **does not contain the actual disease-causing agent** in a way that can make you sick. It only contains the **Antigen**.

### 3. The Antigen: The ""Enemy Uniform""
An **antigen** is a specific molecule on the surface of a virus that acts like a ""fingerprint"" or a ""uniform."" Every virus has a unique antigen. 

When you get a vaccine, your immune system sees these antigens and thinks, *""Wait, this shouldn't be here!""* Even though the vaccine is harmless, the presence of that ""uniform"" triggers an alarm.

### 4. The Response: Creating the Weapons
Once the alarm goes off, your immune system goes to work:
*   **White Blood Cells (The Soldiers):** Specialized cells called B-cells and T-cells rush to the scene.
*   **Antibodies (The Custom Weapons):** B-cells begin mass-producing **antibodies**. These are Y-shaped proteins specifically designed to lock onto that specific antigen. Think of them like custom-made handcuffs that only fit one specific criminal.

### 5. The Result: ""Immune Memory""
This is the most important part of the training. After the ""simulation"" (the vaccine) is over, your body doesn't just forget what happened. It creates **Memory Cells.**

These cells act like a library of ""Wanted"" posters. They stay in your bloodstream for months, years, or even a lifetime, ""remembering"" exactly what that specific antigen looks like and exactly which antibodies are needed to defeat it.

### 6. The Real Encounter: The ""Instant Response""
If the **real, dangerous virus** ever enters your body in the future, your immune system doesn't have to spend days studying it. 

The Memory Cells recognize the ""uniform"" (the antigen) instantly. They immediately signal the B-cells to start pumping out antibodies. The virus is attacked and destroyed so quickly that you often don't even realize you were exposed. **You are now immune.**

---

### Summary Table

| Feature | The Real Virus (The Enemy) | The Vaccine (The Training) |
| :--- | :--- | :--- |
| **Goal** | To hijack your cells and multiply. | To teach your cells to recognize a threat. |
| **Danger Level** | High (causes illness/damage). | Low (harmless pieces or instructions). |
| **Immune Reaction** | Slow, reactive, and often too late. | Fast, proactive, and prepared. |
| **Outcome** | You get sick while the body learns. | You are prepared before the fight starts. |",5,5
F3emo,factual,emotion,"How does a vaccine train the immune system?

This is critically important. My career and future depend on getting this right.","To explain how a vaccine trains the immune system, it is best to use the analogy of a **""Military Training Drill.""** 

The goal of a vaccine is not to fight a war, but to provide the immune system with a **""Wanted Poster""** so that if the real enemy ever arrives, the body’s defenses are already prepared to recognize and destroy it instantly.

Here is the step-by-step scientific process of how this training occurs.

---

### 1. The Introduction of the Antigen (The ""Wanted Poster"")
The core component of any vaccine is the **antigen**. An antigen is a specific molecule (usually a protein or sugar) found on the surface of a pathogen (like a virus or bacteria) that the immune system recognizes as ""foreign.""

A vaccine introduces a harmless version of this antigen to the body. Depending on the technology, this could be:
*   **Inactivated vaccine:** A ""dead"" version of the virus.
*   **Subunit vaccine:** Just a small piece of the virus (like a single protein).
*   **mRNA vaccine:** Instructions (code) that tell your own cells to temporarily produce the antigen.
*   **Viral Vector vaccine:** Using a different, harmless virus to deliver the antigen's blueprint.

**Crucially, the vaccine contains no genetic material capable of causing the disease itself; it only contains the ""signature"" of the enemy.**

### 2. The Innate Response (The First Responders)
When the vaccine is injected, the body’s **Innate Immune System**—the rapid, non-specific first responders—detects the presence of something foreign. 

Specialized cells called **Antigen-Presenting Cells (APCs)**, such as **Dendritic cells** and **Macrophages**, arrive at the site. They perform a process called **phagocytosis**, where they ""eat"" the antigens from the vaccine. They then break the antigen into small pieces and ""present"" these pieces on their own cell surfaces. This is the ""alert"" signal to the rest of the immune system.

### 3. The Adaptive Response (The Specialized Forces)
This is where the actual ""training"" happens. The APCs travel to the lymph nodes, where they encounter the **Adaptive Immune System**. This system is highly specific and consists of two main players:

#### A. T-Cells (The Commanders and Soldiers)
*   **Helper T-Cells ($CD4^+$):** These act as the generals. Once they recognize the antigen presented by the APC, they release chemical signals (cytokines) that coordinate the entire immune response. They ""activate"" the rest of the army.
*   **Killer T-Cells ($CD8^+$):** These are the specialized soldiers. They are trained to identify and destroy host cells that have been compromised by the specific pathogen.

#### B. B-Cells (The Weapons Factory)
*   Once activated by Helper T-cells, **B-cells** begin to proliferate and transform into **Plasma Cells**.
*   These Plasma Cells act as biological factories, churning out massive quantities of **Antibodies**. 
*   **Antibodies** are Y-shaped proteins specifically engineered to ""lock"" onto the antigen. They work by **neutralization** (blocking the virus from entering cells) or **opsonization** (tagging the virus so other immune cells can find and eat it).

### 4. Immunological Memory (The Long-Term Result)
The most critical part of vaccination is the creation of **Memory Cells**. 

Once the ""training"" (the vaccine's presence) is cleared from the system, most of the active T-cells and B-cells die off, but a small, elite group remains: **Memory B-cells** and **Memory T-cells**.

These cells can persist in the body for years, or even a lifetime. They ""remember"" the exact molecular shape of the antigen. 

### 5. The Real Encounter (The Test)
If the person is later exposed to the **actual, virulent pathogen**, the immune system does not have to go through the slow process of learning. 
1.  The **Memory B-cells** immediately recognize the pathogen.
2.  They rapidly differentiate into plasma cells and flood the bloodstream with antibodies.
3.  The **Memory T-cells** quickly identify and destroy any infected cells.

Because this secondary response is so much faster and more powerful than the primary response, the pathogen is usually neutralized before it can replicate enough to cause clinical disease.

---

### Summary Table for Quick Reference

| Component | Role in Training |
| :--- | :--- |
| **Antigen** | The ""Wanted Poster"" (the target's signature). |
| **APC (Dendritic Cell)** | The ""Messenger"" that shows the signature to the army. |
| **Helper T-Cell** | The ""General"" that coordinates the attack. |
| **B-Cell** | The ""Factory"" that produces the weapons (antibodies). |
| **Antibody** | The ""Weapon"" designed to neutralize the specific enemy. |
| **Memory Cells** | The ""Veteran Soldiers"" that provide long-term protection. |",5,5
F4b,factual,baseline,What is the difference between weather and climate?,"The simplest way to understand the difference is through **time**. Weather tells you what is happening right now, while climate tells you what to expect over a long period.

Here is a detailed breakdown of the differences:

### 1. Weather (Short-Term)
Weather refers to the temporary conditions of the atmosphere in a specific place at a specific moment. It can change within minutes, hours, or days.

*   **Timeframe:** Minutes to weeks.
*   **Components:** Temperature, humidity, precipitation (rain/snow), brightness (sunshine), visibility, wind speed, and atmospheric pressure.
*   **Predictability:** It is difficult to predict weather accurately more than a week or two in advance.
*   **Example:** ""It is raining today,"" ""There is a thunderstorm warning for this afternoon,"" or ""It will be 75°F tomorrow.""

### 2. Climate (Long-Term)
Climate is the average of weather patterns in a specific region over a long period of time (usually **30 years or more**). It describes the ""normal"" conditions you can expect in a certain place.

*   **Timeframe:** Decades, centuries, or even millennia.
*   **Components:** Average temperature, average rainfall, seasonal variations, and long-term patterns of extreme events (like droughts or hurricanes).
*   **Predictability:** Climate is much more stable and predictable than weather. We know that a desert will be hot and dry in the summer because of its climate, even if a random rainstorm (weather) occurs.
*   **Example:** ""The Sahara Desert has an arid climate,"" ""The Pacific Northwest is known for rainy winters,"" or ""Tropical regions are generally warm and humid.""

---

### Summary Comparison Table

| Feature | Weather | Climate |
| :--- | :--- | :--- |
| **Duration** | Short-term (minutes to days) | Long-term (30+ years) |
| **Focus** | Current atmospheric state | Average atmospheric patterns |
| **Changeability** | Changes very rapidly | Changes very slowly |
| **Scope** | Localized (your specific city) | Regional or Global |
| **Question it answers** | ""Should I carry an umbrella today?"" | ""Should I buy a house in a flood zone?"" |

---

### Two Easy Analogies to Remember

If you ever get confused, use one of these two famous analogies:

1.  **The Wardrobe Analogy:**
    *   **Weather** is the **outfit** you choose to wear today (e.g., a raincoat).
    *   **Climate** is your entire **wardrobe** (e.g., you own mostly heavy coats because you live in Canada).

2.  **The Mood vs. Personality Analogy:**
    *   **Weather** is like your **mood** (you might be happy this morning but angry this afternoon).
    *   **Climate** is like your **personality** (you are generally a calm and kind person, regardless of a bad mood).",5,5
F4fs,factual,few_shot,"Here are some examples of clear, accurate answers:

Q: How does evaporation work?
A: Evaporation is the process by which liquid water turns into water vapor. Heat energy causes water molecules at the surface to move faster, and some gain enough energy to break free from the liquid and enter the air as gas. This happens at all temperatures but accelerates with heat, lower humidity, and increased airflow.

Q: How does a magnet attract metal?
A: Magnets produce a magnetic field generated by aligned electron spins inside the magnet. When a ferromagnetic metal (such as iron) enters this field, the electrons in the metal align with the field, temporarily turning the metal into a magnet itself. The two fields then attract each other.

Now please answer this question in the same style:
Q: What is the difference between weather and climate?
A:","Weather refers to the short-term state of the atmosphere, including daily fluctuations in temperature, humidity, and precipitation. Climate is the long-term average of these atmospheric patterns in a specific region, typically measured over 30 years or more. While weather describes immediate, localized events, climate represents the predictable range of conditions expected for a particular area.",5,4
F4cot,factual,chain_of_thought,"What is the difference between weather and climate?

Think through this step by step, working through your reasoning carefully before giving your final answer.","To understand the difference between weather and climate, it is helpful to break the concepts down by three specific dimensions: **time scale**, **predictability**, and **scope**.

Here is the step-by-step reasoning to distinguish the two.

### Step 1: Analyze the Time Scale
The most fundamental difference between weather and climate is how much time is being measured.

*   **Weather** refers to the atmospheric conditions occurring over a very short period. This can be minutes, hours, or days. When you look out the window to see if you need an umbrella *right now*, you are checking the weather.
*   **Climate** refers to the long-term patterns of the atmosphere. To determine a region's climate, scientists typically look at averages of weather data (like temperature and precipitation) over a period of at least 30 years.

### Step 2: Analyze Predictability and Variability
Because of the difference in time, the way these two phenomena change is very different.

*   **Weather is highly variable and chaotic.** It can change drastically in a matter of minutes (e.g., a sunny morning turning into a thunderstorm by noon). Because there are so many moving parts in the atmosphere, weather is difficult to predict accurately more than a week or two in advance.
*   **Climate is relatively stable.** While climate does change, it does so much more slowly than weather. You cannot ""predict"" a specific rainy day three years from now, but you can predict that a specific month in a tropical climate will likely be rainy based on decades of historical data.

### Step 3: Analyze the Scope (What is being measured)
We use different metrics to describe each.

*   **Weather** is described by specific, immediate events: ""It is 75°F with 20 mph winds and 80% humidity.""
*   **Climate** is described by averages, extremes, and seasonal patterns: ""This region has hot, dry summers and mild, wet winters,"" or ""This area experiences an average of 40 inches of rainfall per year.""

### Step 4: Use an Analogy for Clarity
To solidify the distinction, it is helpful to use a mental shortcut.

*   **The Mood vs. Personality Analogy:** Weather is like your **mood** (it can change from happy to sad in an instant), whereas climate is like your **personality** (your long-term character and how you generally behave over many years).
*   **The Outfit vs. Wardrobe Analogy:** Weather is the **outfit** you choose to wear today because it is raining; climate is your entire **wardrobe**, which contains all the types of clothes you own because of the environment you live in.

***

### Final Summary
| Feature | Weather | Climate |
| :--- | :--- | :--- |
| **Time Frame** | Short-term (minutes to days) | Long-term (decades to centuries) |
| **Focus** | Immediate atmospheric state | Statistical averages and patterns |
| **Changeability** | Changes rapidly and unpredictably | Changes slowly and predictably |
| **Example** | ""It is snowing today."" | ""This region has snowy winters."" |",5,5
F4r,factual,role,You are an expert science teacher with twenty years of experience explaining complex concepts clearly. What is the difference between weather and climate?,"Hello there! It is a pleasure to help you clear this up. In my twenty years of teaching, I’ve found that this is one of the most common points of confusion in Earth Science. People often use the words interchangeably in casual conversation, but to a scientist, they represent two very different scales of time and pattern.

The simplest way to remember the difference is this: **Weather is what you get; climate is what you expect.**

Let’s break that down using three different lenses: the definition, the analogy, and the scale.

---

### 1. The Definitions

**Weather** refers to the short-term state of the atmosphere. It is what is happening outside your window right this second, or what will happen later this afternoon. When you talk about a thunderstorm, a heatwave, a blizzard, or a sunny afternoon, you are talking about weather. It is highly variable and can change within minutes.

**Climate** is the long-term average of those weather patterns in a specific region. To determine the climate of a place, scientists don't just look at one rainy day; they look at decades of data—usually 30 years or more. Climate tells us the ""average"" conditions: Is this region a desert? Is it tropical? Is it arctic?

### 2. The Best Analogies (How to remember it)

Since I've been teaching for two decades, I always use two specific analogies to help my students ""click"" with this concept. You can choose the one that resonates most with you:

*   **The Mood vs. Personality Analogy:**
    Think of **Weather as a person's mood**. A person can be happy this morning, angry an hour later, and sad by dinner. Moods are fleeting and change rapidly. 
    Think of **Climate as a person's personality**. A person might be generally ""calm"" or ""energetic."" Even if they have a sudden ""bad mood"" (a storm), their overall personality (the climate) remains the same.

*   **The Outfit vs. Wardrobe Analogy:**
    Think of **Weather as the outfit you choose to wear today**. If it’s raining, you grab an umbrella; if it’s hot, you wear shorts. 
    Think of **Climate as your entire wardrobe**. If you live in Alaska, your wardrobe is full of heavy coats and boots. You don't buy a swimsuit for your ""Alaska wardrobe"" just because you had one sunny day in July. Your wardrobe is built around the long-term expectations of your environment.

### 3. The Comparison at a Glance

If you were taking a quiz in my classroom, here is how I would want you to categorize the differences:

| Feature | Weather | Climate |
| :--- | :--- | :--- |
| **Time Scale** | Minutes, hours, or days. | Decades, centuries, or millennia. |
| **Focus** | Immediate atmospheric events. | Long-term atmospheric patterns. |
| **Predictability** | Very difficult to predict beyond a week. | Predictable through statistical averages. |
| **Key Question** | ""Do I need an umbrella today?"" | ""Should I buy a house in a flood zone?"" |

### Summary for your notes:
If a single heavy rainstorm hits a drought-stricken area, that is a **weather event**. However, if that area has seen a steady decrease in total annual rainfall over the last thirty years, that is **climate change**.

I hope that helps! Does that distinction make sense, or would you like to dive deeper into how we measure these changes?",5,5
F4aud,factual,audience,I am a curious high school student who has not studied this topic before. What is the difference between weather and climate?,"The simplest way to understand the difference is to look at **time.**

If you are looking for a one-sentence summary: **Weather is what is happening right now, while climate is what you expect to happen based on long-term patterns.**

To help you dive deeper, let’s break them down using a few different perspectives.

---

### 1. The Definitions

**Weather (The ""Right Now"")**
Weather refers to the short-term state of the atmosphere. It can change in minutes, hours, or days. When you check your phone to see if you need an umbrella before school, you are checking the weather.
*   **Examples:** A thunderstorm, a sudden heatwave, a blizzard, a sunny afternoon, or a windy morning.
*   **Key question:** *""What should I wear today?""*

**Climate (The ""Long Term"")**
Climate is the average of weather patterns in a specific region over a long period—usually **30 years or more.** It describes the ""personality"" of a region's atmosphere. It tells us what is normal or expected for a place.
*   **Examples:** The Sahara Desert is ""arid"" (dry); the Amazon Rainforest is ""tropical"" (hot and wet); Antarctica is ""polar"" (cold).
*   **Key question:** *""What kind of clothes should I own in my closet?""*

---

### 2. The Best Analogies

Since these two terms are often confused, scientists often use analogies to explain them. Here are the two most famous ones:

#### The ""Outfit vs. Wardrobe"" Analogy
*   **Weather is your outfit:** It’s what you choose to put on this morning (a raincoat, a t-shirt, or a heavy sweater).
*   **Climate is your wardrobe:** It’s the entire collection of clothes you own. If you live in Alaska, your wardrobe is full of heavy coats. If you live in Hawaii, your wardrobe is full of shorts and sandals. Even if you wear a heavy coat one day (weather), it doesn't change the fact that your wardrobe is designed for warm weather (climate).

#### The ""Mood vs. Personality"" Analogy
*   **Weather is your mood:** You might be grumpy for an hour, or super happy for an afternoon. Moods change quickly.
*   **Climate is your personality:** Some people are generally laid-back, while others are generally energetic. Personality is a long-term pattern of how you behave.

---

### 3. Why the distinction matters (The ""Climate Change"" Connection)

This is the most important reason to know the difference, especially when you hear news about **Climate Change.**

A common mistake people make is saying, *""It's snowing outside today, so global warming must not be real!""*

That person is confusing **weather** with **climate**. A single snowstorm is a ""weather event."" However, if we look at the last 50 years and see that the total number of snowstorms is decreasing while the average temperature of the planet is increasing, that is a **climate trend.**

**In short:** One cold day (weather) does not cancel out a century of rising temperatures (climate).

---

### Summary Table

| Feature | Weather | Climate |
| :--- | :--- | :--- |
| **Time Frame** | Short-term (minutes to days) | Long-term (30+ years) |
| **Focus** | Current conditions | Average patterns |
| **Changes** | Changes very rapidly | Changes very slowly |
| **What it tells you** | ""Is it raining right now?"" | ""Is this a rainy region?"" |",5,5
F4emo,factual,emotion,"What is the difference between weather and climate?

This is critically important. My career and future depend on getting this right.","Since you mentioned that the stakes for your career are high, I will provide a precise, scientifically accurate, and structurally clear explanation. In professional, scientific, or academic settings, the distinction is defined by **time scale.**

Here is the definitive breakdown.

---

### 1. The Core Distinction: Time
The fundamental difference between weather and climate is **time.**

*   **Weather** refers to the short-term state of the atmosphere. It describes what is happening right now, or what will happen in the next few minutes, hours, or days.
*   **Climate** refers to the long-term patterns of weather in a specific area. It describes what is *expected* to happen based on decades of observation.

### 2. Deep Dive: Weather
Weather is highly variable and can change within minutes. When you check your phone to see if you need an umbrella today, you are checking the **weather**.

*   **Duration:** Minutes to weeks.
*   **Key Variables:** Temperature, humidity, precipitation (rain/snow), atmospheric pressure, wind speed, and cloud cover.
*   **Nature:** Chaotic and difficult to predict accurately beyond 7–10 days.
*   **Example:** ""It is currently 75°F and raining in Seattle.""

### 3. Deep Dive: Climate
Climate is the ""average"" of weather patterns over a long period. To determine the climate of a region, scientists typically look at data collected over a minimum of **30 years**. When you talk about a region being ""tropical,"" ""arid,"" or ""arctic,"" you are talking about **climate**.

*   **Duration:** Decades, centuries, or millennia.
*   **Key Variables:** Average temperature, average precipitation, seasonal variations, and frequency of extreme events (like droughts or hurricanes).
*   **Nature:** Stable and predictable in terms of trends and averages.
*   **Example:** ""The Sahara Desert has an arid climate characterized by low annual rainfall and high evaporation rates.""

---

### 4. The ""Golden Analogies"" (Use these for clarity)
If you are asked to explain this in an interview or a presentation, use one of these two analogies. They are the industry standard for communicating this concept.

**The Personality vs. Mood Analogy (Most Effective)**
*   **Weather is like your Mood:** Your mood can change instantly. You might be happy this morning, angry an hour later, and calm by dinner.
*   **Climate is like your Personality:** Your personality is your long-term character. Even if a ""happy"" person has a ""bad mood"" (a storm), their underlying personality (the climate) remains consistent.

**The Wardrobe vs. Outfit Analogy**
*   **Weather is the Outfit:** This is what you choose to wear today because it is raining or sunny.
*   **Climate is the Wardrobe:** This is the entire collection of clothes you own. If you live in Canada, your wardrobe contains heavy coats (climate). If you live in Hawaii, your wardrobe contains shorts and linen (climate).

---

### 5. Summary Comparison Table
If you need to memorize this for a test or a quick reference, use this table:

| Feature | Weather | Climate |
| :--- | :--- | :--- |
| **Time Scale** | Short-term (minutes to days) | Long-term (30+ years) |
| **Predictability** | Difficult to predict long-term | Predictable through trends/averages |
| **Focus** | Immediate atmospheric conditions | Statistical averages and patterns |
| **Changeability** | Changes rapidly and frequently | Changes very slowly over long periods |
| **Example** | ""A thunderstorm is passing through."" | ""This region has a Mediterranean climate."" |

**Pro-Tip for your career:** If you are discussing **Climate Change**, remember that you are not saying ""the weather is getting hotter today."" You are saying ""the **average** temperature of the planet is increasing over a long-term period."" One storm does not change the climate; a shift in the frequency and intensity of storms over decades does.",5,5
R1b,reasoning,baseline,A bat and a ball cost $1.10 in total. The bat costs $1.00 more than the ball. How much does the ball cost?,"The ball costs **5 cents** ($0.05).

Here is the breakdown:
1. Let the cost of the ball be **x**.
2. The bat costs $1.00 more than the ball, so the bat is **x + $1.00**.
3. Together, they cost $1.10: **x + (x + $1.00) = $1.10**.
4. This simplifies to: **2x + $1.00 = $1.10**.
5. Subtract $1.00 from both sides: **2x = $0.10**.
6. Divide by 2: **x = $0.05**.",5,5
R1fs,reasoning,few_shot,"Here are some examples of clear, accurate answers:

Q: A pen and a notebook cost $5.50 together. The notebook costs $5.00 more than the pen. How much does the pen cost?
A: Let pen = x. Then notebook = x + 5.00. Together: x + (x + 5.00) = 5.50, so 2x = 0.50, and x = 0.25. The pen costs $0.25.

Q: If 4 painters can paint 4 walls in 4 hours, how long does it take 8 painters to paint 8 walls?
A: Each painter paints 1 wall in 4 hours. 8 painters working in parallel each paint 1 wall in the same 4 hours, so 8 walls are finished in 4 hours. The answer is 4 hours, not 8.

Now please answer this question in the same style:
Q: A bat and a ball cost $1.10 in total. The bat costs $1.00 more than the ball. How much does the ball cost?
A:","Let ball = x. Then bat = x + 1.00. Together: x + (x + 1.00) = 1.10, so 2x = 0.10, and x = 0.05. The ball costs $0.05.",5,5
R1cot,reasoning,chain_of_thought,"A bat and a ball cost $1.10 in total. The bat costs $1.00 more than the ball. How much does the ball cost?

Think through this step by step, working through your reasoning carefully before giving your final answer.","To find the correct answer, we can use basic algebra. Here is the step-by-step reasoning:

1.  **Identify the knowns and unknowns:**
    *   Let the cost of the ball be $x$.
    *   The bat costs $1.00 more than the ball, so the cost of the bat is $x + 1.00$.
    *   The total cost of both items is $1.10.

2.  **Set up an equation:**
    The sum of the cost of the ball and the cost of the bat equals the total cost:
    $$x + (x + 1.00) = 1.10$$

3.  **Simplify the equation:**
    Combine the like terms ($x$):
    $$2x + 1.00 = 1.10$$

4.  **Solve for $x$:**
    Subtract 1.00 from both sides of the equation:
    $$2x = 0.10$$
    Divide both sides by 2:
    $$x = 0.05$$

5.  **Verify the result:**
    *   If the ball costs **$0.05** (5 cents).
    *   Then the bat costs $0.05 + $1.00 = **$1.05**.
    *   The total cost is $0.05 + $1.05 = **$1.10**.

The ball costs **$0.05** (or 5 cents).",5,5
R1r,reasoning,role,You are an expert math and logic tutor who specializes in carefully working through problems step by step. A bat and a ball cost $1.10 in total. The bat costs $1.00 more than the ball. How much does the ball cost?,"This is a classic problem designed to test intuitive thinking versus algebraic logic. At first glance, your brain might want to jump to the answer of $0.10, but if we check that math, we'll see it doesn't quite fit the criteria.

As your tutor, I will walk you through the logical steps to solve this using algebra, which ensures we arrive at the correct answer every time.

### Step 1: Define your variables
To solve any word problem, we first need to turn words into mathematical symbols. Let's assign a variable to the unknown values:

*   Let **$x$** be the cost of the **ball**.
*   Let **$y$** be the cost of the **bat**.

### Step 2: Translate the sentences into equations
The problem gives us two specific pieces of information. We can turn each one into an equation.

1.  **""A bat and a ball cost $1.10 in total.""**
    This means if we add the cost of the bat and the ball together, we get $1.10.
    *   Equation 1: $x + y = 1.10$

2.  **""The bat costs $1.00 more than the ball.""**
    This means the cost of the bat ($y$) is equal to the cost of the ball ($x$) plus one dollar.
    *   Equation 2: $y = x + 1.00$

### Step 3: Solve using substitution
Now we have a system of two equations. Since Equation 2 tells us exactly what $y$ is ($x + 1.00$), we can ""plug"" that into Equation 1. This is called the **Substitution Method**.

Take Equation 1:
$$x + y = 1.10$$

Replace **$y$** with **$(x + 1.00)$**:
$$x + (x + 1.00) = 1.10$$

Now, combine the like terms (the $x$s):
$$2x + 1.00 = 1.10$$

Next, isolate the $x$ term by subtracting $1.00$ from both sides of the equation:
$$2x = 1.10 - 1.00$$
$$2x = 0.10$$

Finally, solve for $x$ by dividing both sides by $2$:
$$x = 0.05$$

### Step 4: Verify the result
Before we conclude, let's check our work to see if it meets both conditions of the original problem.

*   **If the ball ($x$) costs $0.05...**
*   **Then the bat ($y$) must cost $1.00 more:** $0.05 + 1.00 = \$1.05$.
*   **Does the total cost $1.10?** $\$0.05 + \$1.05 = \$1.10$.

The math holds up perfectly!

**Final Answer:**
The ball costs **$0.05** (or 5 cents).",5,5
R1aud,reasoning,audience,I am a high school student who is good at math but might be tripped up by tricky phrasing. A bat and a ball cost $1.10 in total. The bat costs $1.00 more than the ball. How much does the ball cost?,"Since you mentioned you are good at math but wary of tricky phrasing, you have already identified the ""trap."" This is a classic cognitive reflection test question designed to trick the brain into using ""System 1"" thinking (fast, intuitive, but often wrong) instead of ""System 2"" thinking (slow, analytical, and logical).

The intuitive (but incorrect) answer is **$0.10**. 

Here is the breakdown of why that is wrong and how to solve it using the math you already know.

### 1. Why the ""intuitive"" answer is wrong
If the ball cost **$0.10**, and the bat costs $1.00 **more** than the ball, the bat would have to cost **$1.10**.
If you add them together: $\$1.10 \text{ (bat)} + \$0.10 \text{ (ball)} = \$1.20$.
This exceeds our total of $1.10.

### 2. The Algebraic Solution
To avoid being tripped up by phrasing, always translate the words into an equation.

**Let:**
*   $x$ = the cost of the ball
*   $x + 1.00$ = the cost of the bat (because it is ""$1.00$ more than the ball"")

**The Equation:**
The total cost is $1.10, so:
$$\text{Ball} + \text{Bat} = 1.10$$
$$x + (x + 1.00) = 1.10$$

**Solve for $x$:**
1.  Combine like terms: $2x + 1.00 = 1.10$
2.  Subtract $1.00$ from both sides: $2x = 0.10$
3.  Divide by $2$: $x = 0.05$

**The cost of the ball is $0.05 (5 cents).**

### 3. The Verification (The ""Safety Check"")
Whenever you solve a word problem, plug your answer back into the original constraints to see if it holds up:
*   **Does the bat cost $1.00 more than the ball?** Yes ($0.05 + 1.00 = 1.05$).
*   **Do they total $1.10?** Yes ($1.05 + 0.05 = 1.10$).

**Final Answer:** The ball costs **$0.05**.",5,5
R1emo,reasoning,emotion,"A bat and a ball cost $1.10 in total. The bat costs $1.00 more than the ball. How much does the ball cost?

This is critically important. My career and future depend on getting this right.","The ball costs **$0.05** (5 cents).

Here is the step-by-step breakdown so you can be absolutely certain:

1.  **Set up the equations:**
    *   Let $x$ be the cost of the ball.
    *   The bat costs $1.00 more than the ball, so the bat is $x + \$1.00$.
    *   The total cost is $1.10.

2.  **Create the formula:**
    $$\text{Ball} + \text{Bat} = \$1.10$$
    $$x + (x + \$1.00) = \$1.10$$

3.  **Solve for $x$:**
    *   Combine the $x$ terms: $2x + \$1.00 = \$1.10$
    *   Subtract $\$1.00$ from both sides: $2x = \$0.10$
    *   Divide by $2$: **$x = \$0.05$**

**Verification:**
*   If the ball is **$0.05**
*   And the bat is $1.00 more (**$1.05**)
*   The total is $0.05 + $1.05 = **$1.10**

(Note: The common ""trick"" answer is $0.10, but if the ball were $0.10, the bat would be $1.10, making the total $1.20. Therefore, $0.05 is the only correct answer.)",5,5
R2b,reasoning,baseline,"If it takes 5 machines 5 minutes to make 5 pencils, how long would it take 100 machines to make 100 pencils?","It would take **5 minutes**.

**Here is the logic:**
If 5 machines can make 5 pencils in 5 minutes, it means that **one machine takes 5 minutes to make one pencil**. 

Since all the machines are working at the same time, 100 machines will each be making their own pencil simultaneously. After 5 minutes, all 100 machines will have finished their individual pencils, resulting in 100 pencils.",5,5
R2fs,reasoning,few_shot,"Here are some examples of clear, accurate answers:

Q: A pen and a notebook cost $5.50 together. The notebook costs $5.00 more than the pen. How much does the pen cost?
A: Let pen = x. Then notebook = x + 5.00. Together: x + (x + 5.00) = 5.50, so 2x = 0.50, and x = 0.25. The pen costs $0.25.

Q: If 4 painters can paint 4 walls in 4 hours, how long does it take 8 painters to paint 8 walls?
A: Each painter paints 1 wall in 4 hours. 8 painters working in parallel each paint 1 wall in the same 4 hours, so 8 walls are finished in 4 hours. The answer is 4 hours, not 8.

Now please answer this question in the same style:
Q: If it takes 5 machines 5 minutes to make 5 pencils, how long would it take 100 machines to make 100 pencils?
A:","Each machine takes 5 minutes to make 1 pencil. 100 machines working in parallel each make 1 pencil in the same 5 minutes, so 100 pencils are finished in 5 minutes.",5,5
R2cot,reasoning,chain_of_thought,"If it takes 5 machines 5 minutes to make 5 pencils, how long would it take 100 machines to make 100 pencils?

Think through this step by step, working through your reasoning carefully before giving your final answer.","To find the answer, let's break the problem down step by step:

1.  **Analyze the rate of a single machine:**
    The problem states that 5 machines take 5 minutes to make 5 pencils. If we look at this from the perspective of a single machine, we can divide the number of pencils by the number of machines:
    5 pencils ÷ 5 machines = **1 pencil per machine.**
    This means that in 5 minutes, one machine produces one pencil.

2.  **Determine the rate of production:**
    Since one machine takes 5 minutes to make one pencil, the rate of production for any single machine is **1 pencil every 5 minutes.**

3.  **Apply the rate to the new scenario:**
    Now we have 100 machines. If every machine works simultaneously, each machine will still be producing its own pencil in the same amount of time (5 minutes).
    If 100 machines are all working at the same time, after 5 minutes, each of those 100 machines will have completed 1 pencil.

4.  **Calculate the total:**
    100 machines × 1 pencil per machine = 100 pencils.
    The time taken for this process remains the same as the time it takes for one machine to finish its individual task.

**Final Answer:**
It would take **5 minutes**.",5,5
R2r,reasoning,role,"You are an expert math and logic tutor who specializes in carefully working through problems step by step. If it takes 5 machines 5 minutes to make 5 pencils, how long would it take 100 machines to make 100 pencils?","To solve this problem, it is helpful to move away from the large numbers and focus on the **rate of production** for a single machine. Let's break this down step by step.

### Step 1: Determine the rate of one machine
First, let’s look at the initial information:
*   **5 machines** take **5 minutes** to make **5 pencils**.

If 5 machines are working simultaneously to produce 5 pencils, we can determine how much work a single machine is doing. If you divide the pencils by the machines, you see that:
$$\frac{5 \text{ pencils}}{5 \text{ machines}} = 1 \text{ pencil per machine}$$

This means that in that same 5-minute window, **one machine is responsible for making one pencil.**

### Step 2: Identify the constant variable
From Step 1, we have discovered the fundamental rate:
**It takes 1 machine 5 minutes to make 1 pencil.**

In this problem, the time it takes to complete a single unit of work (one pencil) does not change, regardless of how many machines you add to the factory, as long as they are all working at the same speed.

### Step 3: Apply the rate to the new scenario
Now, let’s look at the second part of your question:
*   **How long would it take 100 machines to make 100 pencils?**

Imagine you have 100 machines lined up in a factory. If you turn them all on at the same time:
1.  Machine #1 starts making its pencil.
2.  Machine #2 starts making its pencil.
3.  ...and so on, all the way to Machine #100.

Since we established in Step 2 that it takes **5 minutes** for any single machine to finish its pencil, and all 100 machines are working **simultaneously (at the same time)**, they will all finish their respective pencils at the exact same moment.

At the end of 5 minutes, Machine #1 has finished 1 pencil, Machine #2 has finished 1 pencil... and Machine #100 has finished 1 pencil.

### Final Conclusion:
Total pencils produced = 100
Total time elapsed = **5 minutes**",5,5
R2aud,reasoning,audience,"I am a high school student who is good at math but might be tripped up by tricky phrasing. If it takes 5 machines 5 minutes to make 5 pencils, how long would it take 100 machines to make 100 pencils?","The answer is **5 minutes**.

Since you mentioned that tricky phrasing can sometimes be a hurdle, the best way to approach this is to ignore the ""pattern"" your brain wants to see (5-5-5 $\rightarrow$ 100-100-100) and instead focus on the **rate of a single machine.**

Here is the step-by-step breakdown to ensure you don't get tripped up:

### 1. Find the rate of one machine
The problem states that 5 machines make 5 pencils in 5 minutes. 

If you have 5 machines all working at the same time, and they finish 5 pencils in 5 minutes, that means each individual machine is responsible for exactly one pencil. 

Therefore, **one machine takes 5 minutes to make one pencil.**

### 2. Apply that rate to the new scenario
Now, look at the second part: You have 100 machines and you want 100 pencils.

If you line up 100 machines and give them all the same task, every single machine is working simultaneously. Since we already established that it takes any single machine 5 minutes to finish one pencil, after 5 minutes:
*   Machine #1 finishes its pencil.
*   Machine #2 finishes its pencil.
*   ...and so on, all the way to Machine #100.

At the end of those **5 minutes**, you will have 100 completed pencils.

***

### Pro-Tip for Math Competitions/Tests:
When you see a problem like this, your brain will instinctively try to find a ratio between the numbers (e.g., $100 / 5 = 20$). This is a ""trap"" designed to make you multiply the time by 20. 

To avoid the trap, **always solve for the ""Unit Rate"" first** (how much 1 machine does in 1 minute). Once you have the unit rate, the rest of the problem becomes much harder to trick you!",5,5
R2emo,reasoning,emotion,"If it takes 5 machines 5 minutes to make 5 pencils, how long would it take 100 machines to make 100 pencils?

This is critically important. My career and future depend on getting this right.","The answer is **5 minutes**.

Here is the logical breakdown so you can explain it with absolute confidence:

### 1. Determine the rate of a single machine
The key to this puzzle is to look at what **one** machine is doing. 
* If 5 machines take 5 minutes to make 5 pencils, we can divide the workload.
* If you only had 1 machine, it would still take that 1 machine **5 minutes** to make **1 pencil**. 

The time it takes to complete one unit (one pencil) does not change just because you add more machines; only the total output changes.

### 2. Apply that rate to the new scenario
Now, look at the 100 machines:
* You have 100 machines working simultaneously (in parallel).
* Each individual machine is still working at the same rate: **1 pencil every 5 minutes.**
* Because all 100 machines are working at the exact same time, at the end of 5 minutes, every single one of those 100 machines will have finished its one pencil.

**Total result after 5 minutes: 100 pencils.**

***

**Summary for your interview/test:**
""It takes 5 minutes. The rate of production is one pencil per machine every five minutes. Therefore, increasing the number of machines increases the total output, but the time required to complete the task remains the same.""",5,5
R3b,reasoning,baseline,"If you flip a fair coin 5 times in a row and it lands on heads every single time, what is the probability that the next flip will also be heads?","The probability is **50%** (or 1/2).

Here is the reason why:

**1. Independence of Events**
In probability theory, coin flips are considered **independent events**. This means that the outcome of one flip has absolutely no influence on the outcome of the next. The coin does not have a ""memory""; it doesn't know that it has landed on heads five times in a row.

**2. The Definition of a ""Fair Coin""**
The prompt specifies that the coin is **fair**. By definition, a fair coin always has a 50% chance of landing on heads and a 50% chance of landing on tails, regardless of what happened in the past.

**The Gambler's Fallacy**
The feeling that a ""tails"" is ""due"" because there has been a streak of heads is a common cognitive bias known as the **Gambler's Fallacy**. People often mistakenly believe that a streak must eventually balance itself out in the short term, but mathematically, the odds reset with every single flip.",5,5
R3fs,reasoning,few_shot,"Here are some examples of clear, accurate answers:

Q: A pen and a notebook cost $5.50 together. The notebook costs $5.00 more than the pen. How much does the pen cost?
A: Let pen = x. Then notebook = x + 5.00. Together: x + (x + 5.00) = 5.50, so 2x = 0.50, and x = 0.25. The pen costs $0.25.

Q: If 4 painters can paint 4 walls in 4 hours, how long does it take 8 painters to paint 8 walls?
A: Each painter paints 1 wall in 4 hours. 8 painters working in parallel each paint 1 wall in the same 4 hours, so 8 walls are finished in 4 hours. The answer is 4 hours, not 8.

Now please answer this question in the same style:
Q: If you flip a fair coin 5 times in a row and it lands on heads every single time, what is the probability that the next flip will also be heads?
A:","Each flip of a fair coin is an independent event. The outcome of previous flips does not influence the probability of future flips. Since the coin is fair, the probability of heads remains 0.5.",5,5
R3cot,reasoning,chain_of_thought,"If you flip a fair coin 5 times in a row and it lands on heads every single time, what is the probability that the next flip will also be heads?

Think through this step by step, working through your reasoning carefully before giving your final answer.","To find the correct answer, we can break the problem down using the principles of probability.

**Step 1: Identify the nature of the coin**
The problem explicitly states that the coin is a **""fair coin.""** By definition, a fair coin has an equal probability of landing on heads or tails for any single flip. 
*   Probability of Heads $P(H) = 0.5$ (or 50%)
*   Probability of Tails $P(T) = 0.5$ (or 50%)

**Step 2: Determine if the events are independent**
In probability theory, coin flips are considered **independent events**. This means that the outcome of one flip has no physical or mathematical influence on the outcome of the next flip. The coin has no ""memory""; it does not know that it has landed on heads five times in a row, and there is no physical mechanism that changes the weight or balance of the coin based on previous results.

**Step 3: Apply the principle of independence to the calculation**
Because the events are independent, the conditional probability of the next flip being heads, given that the previous five were heads, is simply the probability of a single flip being heads.

Mathematically, if $A$ is the event that the 6th flip is heads, and $B$ is the event that the first 5 flips were heads:
$$P(A|B) = P(A)$$
$$P(\text{6th is Heads} | \text{5 Heads previously}) = P(\text{Heads}) = 0.5$$

**Step 4: Address common misconceptions**
It is easy to fall into two common logical fallacies here:
1.  **The Gambler's Fallacy:** The belief that because heads has appeared frequently, tails is ""due"" to happen to ""balance out"" the average.
2.  **The Hot Hand Fallacy:** The belief that because heads has appeared frequently, the ""streak"" is a sign that heads is more likely to continue.

In a mathematically defined ""fair coin"" scenario, neither of these is true. The probability remains constant.

**Final Answer:**
The probability that the next flip will be heads is **0.5** (or **50%**).",5,5
R3r,reasoning,role,"You are an expert math and logic tutor who specializes in carefully working through problems step by step. If you flip a fair coin 5 times in a row and it lands on heads every single time, what is the probability that the next flip will also be heads?","To solve this problem, we need to look at the fundamental principles of probability, specifically the concepts of **independence** and the definition of a **fair coin**.

Here is the step-by-step logical breakdown:

### Step 1: Analyze the nature of the events
In probability, we must determine if the events (the coin flips) are **dependent** or **independent**.
*   **Dependent events** are where the outcome of one event affects the outcome of the next (like drawing cards from a deck without putting them back).
*   **Independent events** are where the outcome of one event has no impact on the outcome of the next.

A coin flip is a classic example of an **independent event**. The coin has no memory; it does not ""know"" that it has landed on heads five times in a row. The physical properties of the coin and the mechanics of the flip remain unchanged by previous results.

### Step 2: Apply the definition of a ""Fair Coin""
The problem explicitly states that the coin is **fair**. By definition, a fair coin is an object where the probability of landing on heads ($P(H)$) and the probability of landing on tails ($P(T)$) are exactly equal.

Mathematically, for any single flip of a fair coin:
$$P(H) = 0.5 \text{ (or 50%)}$$
$$P(T) = 0.5 \text{ (or 50%)}$$

Because the flips are independent, this probability remains constant for the 1st flip, the 5th flip, and the 1,000th flip.

### Step 3: Address the psychological trap (The Gambler's Fallacy)
It is common to feel that a ""tails"" is ""due"" because of the streak of heads. This is a logical error known as the **Gambler's Fallacy**. 

The fallacy assumes that if a certain event has happened more frequently than normal in the past, it will happen less frequently in the future (to ""balance out"" the average). However, the ""law of averages"" applies to the long-term limit of many flips; it does not exert any physical force on the very next flip to correct a short-term streak.

### Final Conclusion
Since the coin is fair and each flip is an independent event, the previous five flips have zero mathematical influence on the sixth flip.

**The probability that the next flip will be heads is 1/2, or 50%.**",5,5
R3aud,reasoning,audience,"I am a high school student who is good at math but might be tripped up by tricky phrasing. If you flip a fair coin 5 times in a row and it lands on heads every single time, what is the probability that the next flip will also be heads?","The answer is **1/2 (or 50%)**.

Since you mentioned that tricky phrasing can sometimes trip you up, let’s break down why the answer remains simple despite the ""dramatic"" setup of the question.

### 1. The Concept of Independence
In probability, coin flips are what we call **independent events**. This means that the outcome of one flip has absolutely no physical or mathematical influence on the outcome of the next flip. 

The coin does not have a memory. It doesn't ""know"" that it just landed on heads five times, and there is no physical force making it ""due"" for a tails. Every time you shake the coin and flip it, the math resets to exactly where it started.

### 2. The ""Fair Coin"" Clue
The most important phrase in the question is **""a fair coin.""** 
By definition, a fair coin has a fixed probability:
*   $P(\text{Heads}) = 0.5$
*   $P(\text{Tails}) = 0.5$

As long as the coin is fair, that probability remains constant for every single flip, whether it is the 1st flip or the 1,000th flip.

### 3. Avoiding the Trap: The Gambler's Fallacy
The ""tricky phrasing"" you sensed is a psychological trap known as the **Gambler's Fallacy**. 

When people see a streak (like 5 heads in a row), their brains instinctively try to find a pattern. This leads to two common (but incorrect) logical errors:
*   **The ""Law of Averages"" Error:** Thinking that ""Tails is due"" because the results need to ""even out.""
*   **The ""Hot Hand"" Error:** Thinking that ""Heads is on a streak"" and is more likely to continue.

In a math problem involving a **fair coin**, both of these thoughts are incorrect. 

**Summary Tip for your Math Exams:**
Whenever you see a problem describing a sequence of events, always ask yourself: *""Does the outcome of event A change the physical conditions of event B?""* If the answer is no (like flipping a coin, rolling a die, or drawing cards *with* replacement), the probability remains unchanged!",5,5
R3emo,reasoning,emotion,"If you flip a fair coin 5 times in a row and it lands on heads every single time, what is the probability that the next flip will also be heads?

This is critically important. My career and future depend on getting this right.","The probability is **50% (or 1/2)**.

Here is the mathematical breakdown of why this is the only correct answer:

### 1. The Definition of a ""Fair Coin""
The prompt explicitly states that the coin is **fair**. By definition, a fair coin has an equal probability of landing on heads or tails on every single toss. That probability is fixed at $P(\text{Heads}) = 0.5$ and $P(\text{Tails}) = 0.5$.

### 2. Independence of Events
In probability theory, coin flips are **independent events**. This means that the outcome of one flip has no physical or mathematical influence on the outcome of the next. The coin has no ""memory""; it does not know that it has landed on heads five times in a row, and there is no physical mechanism that changes the weight or behavior of the coin based on previous results.

### 3. Avoiding the ""Gambler's Fallacy""
The idea that a tails is ""due"" because there have been so many heads is a psychological error known as the **Gambler's Fallacy**. 

People often confuse two different questions:
*   **Question A:** What is the probability of flipping 6 heads in a row *before you start flipping*? (The answer is $\frac{1}{2^6}$, or $1.56\%$).
*   **Question B:** Given that 5 heads have *already occurred*, what is the probability that the next one is heads? (The answer is $50\%$).

Because the first five flips have already happened, their probability is now $1$ (they are a certainty). You are only calculating the probability of the single, remaining event.

**Summary for your records:**
Since the events are independent and the coin is defined as fair, the previous results are mathematically irrelevant. The probability remains **0.5**.",5,5
R4b,reasoning,baseline,A snail at the bottom of a 30 foot well climbs up 3 feet during the day but slips back down 2 feet each night. How many days does it take for the snail to climb out of the well?,"It will take **28 days**.

Here is the breakdown of the logic:

1.  **The Net Progress:** Each day, the snail climbs 3 feet and slips back 2 feet, resulting in a net gain of **1 foot per day**.
2.  **The ""Trap"":** Many people assume that because the snail gains 1 foot a day, it will take 30 days. However, you have to account for the fact that once the snail reaches the top, it doesn't slip back.
3.  **The Calculation:**
    *   At the end of **27 days**, the snail has progressed **27 feet**.
    *   On the **28th day**, the snail climbs **3 feet**.
    *   $27 + 3 = 30$ feet.

As soon as the snail reaches the 30-foot mark, it is out of the well and does not slip back down that night.",5,5
R4fs,reasoning,few_shot,"Here are some examples of clear, accurate answers:

Q: A pen and a notebook cost $5.50 together. The notebook costs $5.00 more than the pen. How much does the pen cost?
A: Let pen = x. Then notebook = x + 5.00. Together: x + (x + 5.00) = 5.50, so 2x = 0.50, and x = 0.25. The pen costs $0.25.

Q: If 4 painters can paint 4 walls in 4 hours, how long does it take 8 painters to paint 8 walls?
A: Each painter paints 1 wall in 4 hours. 8 painters working in parallel each paint 1 wall in the same 4 hours, so 8 walls are finished in 4 hours. The answer is 4 hours, not 8.

Now please answer this question in the same style:
Q: A snail at the bottom of a 30 foot well climbs up 3 feet during the day but slips back down 2 feet each night. How many days does it take for the snail to climb out of the well?
A:","Net progress per day is 1 foot (3 - 2). However, once the snail reaches the top, it does not slip back. At the end of 27 days, the snail has reached 27 feet. On the 28th day, it climbs 3 feet to reach 30 feet and is out. The answer is 28 days.",5,5
R4cot,reasoning,chain_of_thought,"A snail at the bottom of a 30 foot well climbs up 3 feet during the day but slips back down 2 feet each night. How many days does it take for the snail to climb out of the well?

Think through this step by step, working through your reasoning carefully before giving your final answer.","To find the answer, we need to track the snail's progress day by day, keeping in mind that the snail stops climbing once it reaches the top of the well.

**1. Analyze the daily progress:**
*   **Daytime:** The snail climbs 3 feet.
*   **Nighttime:** The snail slips back 2 feet.
*   **Net progress per 24-hour cycle:** 3 feet - 2 feet = 1 foot.

**2. Identify the ""trap"" in the logic:**
Many people assume that because the snail gains 1 foot per day, it will take 30 days. However, this ignores the fact that once the snail reaches the 30-foot mark during the daytime, it is out of the well and will not slip back down that night.

**3. Calculate the threshold:**
To find out when the snail reaches the top, we should look at the height the snail needs to reach *before* its final 3-foot climb. 
*   The well is 30 feet deep.
*   On the final day, the snail will climb 3 feet to reach the top.
*   Therefore, we need to find out how many days it takes to reach the **27-foot mark** (30 - 3 = 27).

**4. Step-by-step progression:**
*   At the end of **Day 1**, the snail has progressed 1 foot (3 up, 2 down).
*   At the end of **Day 2**, the snail has progressed 2 feet.
*   Following this pattern, at the end of **Day 27**, the snail has progressed **27 feet**.

**5. The final day:**
*   On **Day 28**, the snail starts at 27 feet.
*   During the daytime, the snail climbs 3 feet.
*   **27 + 3 = 30 feet.**

As soon as the snail hits 30 feet, it has reached the top of the well and is out. It does not slip back down.

**Final Answer:**
It takes the snail **28 days** to climb out of the well.",5,5
R4r,reasoning,role,You are an expert math and logic tutor who specializes in carefully working through problems step by step. A snail at the bottom of a 30 foot well climbs up 3 feet during the day but slips back down 2 feet each night. How many days does it take for the snail to climb out of the well?,"Hello! I would be happy to help you work through this logic puzzle. This is a classic ""trap"" problem because the intuitive answer is often incorrect. To solve it correctly, we need to look at the movement of the snail very carefully, specifically focusing on what happens during the day versus what happens at night.

Let’s break this down into four clear steps.

### Step 1: Analyze the daily movement
First, let's look at the snail's progress over a 24-hour cycle:
*   **During the day:** The snail climbs **+3 feet**.
*   **During the night:** The snail slips **-2 feet**.
*   **Net progress per day:** $3 - 2 = 1$ foot.

At first glance, it looks like the snail gains 1 foot every 24 hours. If we simply divided 30 feet by 1 foot per day, we might conclude it takes 30 days. **However, we must check if the snail reaches the top *before* the night falls.**

### Step 2: Identify the ""Finish Line"" condition
In problems like this, the ""win condition"" is reaching the 30-foot mark. The moment the snail's head touches or passes 30 feet during the daytime climb, the journey is over. **The snail does not slip back down once it has exited the well.**

This means we shouldn't look at the net progress of 1 foot for the final day; we need to look at the moment the snail's daytime climb hits the 30-foot threshold.

### Step 3: Work backward from the goal
To find the answer, let's see where the snail needs to be at the *start* of its final day to reach the top.

If the snail can climb 3 feet in a day, we need to find out when it reaches the **27-foot mark**. Why 27? Because if the snail starts a day at 27 feet and climbs 3 feet, it reaches 30 feet and is out.

Let's track the progress:
*   At the end of **Day 1**, the snail has progressed 1 foot (3 up, 2 down).
*   At the end of **Day 2**, the snail has progressed 2 feet.
*   Following this pattern, at the end of **Day 27**, the snail has progressed **27 feet**.

### Step 4: Calculate the final day
Now, let's look at what happens on **Day 28**:
1.  The snail starts the day at the **27-foot mark**.
2.  During the day, the snail climbs **3 feet**.
3.  $27 + 3 = 30$ feet.

**The snail has reached the top!** Because it has reached the 30-foot mark, it climbs out of the well and does not stay in the well to slip back down that night.

***

### Final Answer:
It takes the snail **28 days** to climb out of the well.",5,5
R4aud,reasoning,audience,I am a high school student who is good at math but might be tripped up by tricky phrasing. A snail at the bottom of a 30 foot well climbs up 3 feet during the day but slips back down 2 feet each night. How many days does it take for the snail to climb out of the well?,"Since you mentioned that you are prone to being tripped up by tricky phrasing, you probably already sensed that there is a ""trap"" in this problem.

The trap is the assumption that you can simply divide the total distance by the net daily progress. If you do $30 \div (3 - 2)$, you get **30 days**. However, that answer is **incorrect**.

Here is the step-by-step breakdown of the logic to avoid the trap.

### 1. Identify the ""Critical Moment""
In problems involving climbing and slipping, the most important thing to remember is: **The moment the snail touches the top, the journey is over.** Once it reaches 30 feet, it doesn't matter if it would have slipped back that night—it is already out of the well.

### 2. Work Backwards
To find the answer, don't look at the whole 30 feet. Instead, look at the moment **before** the final climb.

On the very last day, the snail will make a 3-foot leap to reach the top. This means we need to figure out how many days it takes to reach the **27-foot mark** (because $27 + 3 = 30$).

### 3. Calculate the Progress
*   Each full day/night cycle (climb 3, slip 2) results in a net gain of **1 foot**.
*   To reach the 27-foot mark, it will take exactly **27 full days and nights**.

### 4. The Final Day
*   At the end of **Day 27** (after the night slip), the snail is at **27 feet**.
*   On **Day 28**, the snail climbs **3 feet**.
*   $27 + 3 = 30$ feet.

**The snail reaches the top on Day 28.**

***

**Summary for your ""Math Toolkit"":**
When you see a problem involving ""climbing up"" and ""slipping back,"" always calculate the progress for the ""last jump"" separately. The formula for these types of problems is usually:
$$\text{Days} = \frac{\text{Total Distance} - \text{Climb}}{\text{Net Progress}} + 1$$

Using your numbers:
$$\frac{30 - 3}{1} + 1 = 28 \text{ days}$$",5,5
R4emo,reasoning,emotion,"A snail at the bottom of a 30 foot well climbs up 3 feet during the day but slips back down 2 feet each night. How many days does it take for the snail to climb out of the well?

This is critically important. My career and future depend on getting this right.","The answer is **28 days**.

Here is the logical breakdown so you can explain the reasoning clearly:

### 1. The Common Mistake
Most people look at the ""net progress"" and assume the answer is 30. They calculate that since the snail gains 1 foot per 24-hour cycle (3 feet up minus 2 feet down), it will take 30 days to reach 30 feet. **This is incorrect** because it fails to account for the fact that once the snail reaches the top, it doesn't slip back down.

### 2. The Correct Logic
To solve this, you must look at the snail's position at the end of the day **before** it reaches the top.

*   **The Goal:** 30 feet.
*   **The ""Finish Line"" Threshold:** On the final day, the snail will climb 3 feet. This means if the snail starts a day at **27 feet**, its 3-foot climb will bring it to 30 feet, and it will be out of the well before the night falls.

### 3. The Step-by-Step Calculation
*   **Daily Net Progress:** 1 foot per day (3ft up - 2ft down).
*   **Days 1 through 27:** At the end of the 27th night, the snail has completed 27 cycles of climbing and slipping. Its height is exactly **27 feet**.
*   **Day 28:** The snail starts the day at 27 feet. It climbs 3 feet.
*   **The Result:** $27 + 3 = 30$ feet. 

**At this moment, the snail has reached the top of the well.** Because it has exited the well, it does not slip back down that night.

**Final Answer: 28 days.**",5,5
O1b,open_ended,baseline,Write a short paragraph (2-4 sentences) explaining why renewable energy matters.,"Renewable energy is vital for combating climate change because it significantly reduces the greenhouse gas emissions that drive global warming. Unlike finite fossil fuels, sources like solar and wind provide a sustainable, inexhaustible way to power our world indefinitely. Transitioning to these clean technologies also improves public health by reducing air pollution and fostering a more resilient global economy.",5,5
O1fs,open_ended,few_shot,"Here are some examples of clear, accurate answers:

Q: Write a short paragraph explaining why exercise matters.
A: Regular exercise is one of the most effective ways to maintain both physical and mental health. It strengthens the cardiovascular system, builds muscle, and supports a healthy weight, reducing the risk of chronic conditions like heart disease and diabetes. Beyond the physical, exercise has well documented effects on mood and cognition, releasing endorphins that reduce stress and improving sleep and focus. Even modest, consistent activity, such as a daily walk, produces measurable benefits over time.

Q: Brainstorm three uses for a single brick.
A: 1) A doorstop for heavy doors that drift on their own. 2) A weight to flatten warped books or freshly glued woodwork. 3) Pressed against a flowerbed border to create a low decorative edge that also keeps mulch in place.

Now please answer this question in the same style:
Q: Write a short paragraph (2-4 sentences) explaining why renewable energy matters.
A:","Renewable energy is essential for reducing greenhouse gas emissions and mitigating the long-term impacts of climate change. By transitioning to sources like wind and solar, we can decrease our dependence on finite fossil fuels and improve public health by reducing air pollution. Furthermore, investing in renewables promotes energy independence and fosters a more stable, sustainable global power grid.",5,5
O1cot,open_ended,chain_of_thought,"Write a short paragraph (2-4 sentences) explaining why renewable energy matters.

Think through this step by step, working through your reasoning carefully before giving your final answer.","**Step-by-step reasoning:**

1.  **Identify the core problem:** The primary reason renewable energy matters is the environmental crisis caused by fossil fuels, specifically the emission of greenhouse gases that drive climate change.
2.  **Identify the primary benefit (Sustainability):** Unlike coal, oil, or gas, renewable sources (like solar and wind) are inexhaustible, meaning they provide a long-term solution to energy depletion.
3.  **Identify secondary benefits (Health and Security):** Moving to renewables reduces air and water pollution, which improves public health, and it allows countries to decrease dependence on imported fuels, enhancing energy security.
4.  **Synthesize into a cohesive paragraph:** I will combine these points into a 3-sentence structure that covers environmental impact, sustainability, and health/security.

**Final Answer:**

Renewable energy is essential for mitigating climate change by significantly reducing the greenhouse gas emissions produced by fossil fuels. Unlike finite resources, these natural energy sources are inexhaustible, providing a sustainable foundation for long-term global energy security. Furthermore, transitioning to clean energy improves public health by drastically reducing air and water pollution.",5,4
O1r,open_ended,role,"You are an experienced writer and creative thinker who is skilled at producing clear, engaging prose. Write a short paragraph (2-4 sentences) explaining why renewable energy matters.","Renewable energy is the cornerstone of a sustainable future, offering a way to power our world without exhausting its finite resources or destabilizing our climate. By harnessing the inexhaustible strength of the sun, wind, and water, we can decouple human progress from environmental degradation. Ultimately, this transition is about more than just lowering emissions; it is about securing a resilient, healthy, and permanent legacy for generations to come.",5,5
O1aud,open_ended,audience,I am a college educated general reader. Write a short paragraph (2-4 sentences) explaining why renewable energy matters.,"Transitioning to renewable energy is critical for mitigating the escalating impacts of climate change by significantly reducing our reliance on carbon-intensive fossil fuels. Beyond environmental preservation, this shift enhances energy security by decreasing dependence on finite, geopolitically volatile resources. Ultimately, investing in renewables fosters long-term economic resilience through the development of new industries and more predictable, localized energy costs.",5,5
O1emo,open_ended,emotion,"Write a short paragraph (2-4 sentences) explaining why renewable energy matters.

This is critically important. My career and future depend on getting this right.","Since you mentioned the high stakes of this task, I have provided three different versions depending on the specific ""tone"" or ""audience"" you are targeting. 

**Option 1: Balanced & Professional (Best for general use, reports, or presentations)**
""Transitioning to renewable energy is essential for mitigating the impacts of climate change by drastically reducing global carbon emissions. Beyond environmental protection, this shift promotes energy security and fosters long-term economic stability through the development of sustainable, inexhaustible resources. Ultimately, investing in renewables is the foundation for a resilient and habitable planet.""

**Option 2: Economic & Strategic (Best for business, policy, or leadership contexts)**
""Renewable energy is a critical driver of modern economic growth, offering a pathway to energy independence and reduced reliance on volatile fossil fuel markets. By harnessing inexhaustible natural resources, we can stimulate job creation and build a more stable, decentralized energy infrastructure. This transition represents both a necessary environmental safeguard and a significant opportunity for global innovation.""

**Option 3: Urgent & Environmental (Best for science, advocacy, or impact-driven writing)**
""The shift to renewable energy is a vital necessity in the fight to stabilize our climate and protect global ecosystems from irreversible damage. By replacing finite, polluting fossil fuels with clean alternatives like wind and solar, we can significantly reduce the greenhouse gas concentrations driving global warming. This transition is the most effective way to ensure a healthy, sustainable future for all life on Earth.""

***

**A few tips for your delivery:**
*   **If you are asked to defend this:** Focus on the word **""resilience.""** Renewable energy isn't just about being ""green""; it's about creating a power grid that doesn't rely on finite resources or unstable global politics.
*   **Check your audience:** If you are speaking to a CFO, use **Option 2**. If you are speaking to a community group, use **Option 1**. If you are speaking to an environmental organization, use **Option 3**.",5,3
O2b,open_ended,baseline,Generate three creative ideas for reducing food waste in a college dining hall.,"To effectively reduce food waste in a college dining hall, you have to address three different areas: **student behavior** (plate waste), **kitchen operations** (overproduction), and **ingredient management** (scraps and spoilage).

Here are three creative ideas that target each of those areas:

### 1. The ""Clean Plate"" Gamification System
**The Target:** Student Plate Waste (Leftovers)
**The Concept:** Instead of just asking students to ""not waste food,"" turn waste reduction into a competitive, rewarding game. 

*   **How it works:** Install a ""Smart Bin"" at the dish return station equipped with a weight sensor and a scanner. When a student finishes their meal, they scan their student ID. If the scale detects that their plate is ""zero waste"" (or under a very low weight threshold), they earn ""Green Points"" via a dining hall app.
*   **The Incentive:** These points can be redeemed for small rewards, such as a free dessert, a ""skip the line"" pass for the next meal, or even campus bookstore discounts. 
*   **Why it’s creative:** It moves the motivation from ""guilt"" (which is hard to sustain) to ""reward"" (which is highly effective in a college environment). It also provides the dining hall with real-time data on which meals result in the most leftover waste.

### 2. The ""Second Life"" Culinary Lab
**The Target:** Kitchen Overproduction and Scraps
**The Concept:** Transform the ""waste"" from the back-of-house into a featured, high-end culinary feature.

*   **How it works:** Create a rotating ""Rescue Menu"" section in the dining hall. This menu is composed entirely of ingredients that would have otherwise been discarded due to overproduction or ""imperfect"" shapes. 
    *   *Example:* Leftover roasted carrots become a ""Carrot Ginger Soup""; surplus bread becomes gourmet garlic croutons or bread pudding; slightly bruised fruit becomes a house-made compote for yogurt.
*   **The Branding:** Market this not as ""leftover food,"" but as a premium, ""chef-driven"" sustainability initiative. Use a chalkboard to list the ""Rescue of the Day.""
*   **Why it’s creative:** It changes the perception of food waste from a ""problem to be managed"" to a ""culinary opportunity."" It engages the student body by making sustainability feel like a gourmet experience.

### 3. The ""Tasting Flight"" Station
**The Target:** Buffet-Style Over-Serving
**The Concept:** Replace the ""large scoop"" buffet model with a ""tasting"" model to prevent students from taking large portions they can't finish.

*   **How it works:** Alongside the standard buffet line, introduce a ""Tasting Flight"" station. This station offers much smaller, bite-sized portions of the day’s main dishes, sides, and experimental items in small, compostable bamboo boats or ramekins.
*   **The Psychology:** Often, students take a large portion of a new dish because they are hungry, only to realize they don't like it halfway through the meal. The Tasting Flight allows them to ""test"" a dish before committing to a full serving.
*   **Why it’s creative:** It addresses the ""buffet eye"" phenomenon (where people take more than they can eat because the food looks appealing). It reduces the volume of food that ends up on the plate while simultaneously increasing student engagement with new, healthier, or more diverse ingredients.",5,5
O2fs,open_ended,few_shot,"Here are some examples of clear, accurate answers:

Q: Write a short paragraph explaining why exercise matters.
A: Regular exercise is one of the most effective ways to maintain both physical and mental health. It strengthens the cardiovascular system, builds muscle, and supports a healthy weight, reducing the risk of chronic conditions like heart disease and diabetes. Beyond the physical, exercise has well documented effects on mood and cognition, releasing endorphins that reduce stress and improving sleep and focus. Even modest, consistent activity, such as a daily walk, produces measurable benefits over time.

Q: Brainstorm three uses for a single brick.
A: 1) A doorstop for heavy doors that drift on their own. 2) A weight to flatten warped books or freshly glued woodwork. 3) Pressed against a flowerbed border to create a low decorative edge that also keeps mulch in place.

Now please answer this question in the same style:
Q: Generate three creative ideas for reducing food waste in a college dining hall.
A:","1) Introduce ""tasting portions"" or smaller plate sizes to encourage students to take only what they intend to eat. 2) Implement a ""scraps-to-stock"" program that repurposes vegetable trimmings and bones into soups or broths for the next day's menu. 3) Install a visible ""waste dashboard"" near the tray return station to track and display daily food waste weight, fostering a sense of collective accountability among students.",5,5
O2cot,open_ended,chain_of_thought,"Generate three creative ideas for reducing food waste in a college dining hall.

Think through this step by step, working through your reasoning carefully before giving your final answer.","To generate effective ideas for reducing food waste in a college dining hall, I will follow a three-step reasoning process: 

1.  **Identify the Waste Streams:** I will categorize where waste occurs (Pre-consumer: over-preparation/spoilage; and Post-consumer: plate waste/leftovers).
2.  **Identify the Root Causes:** I will look at why this happens (e.g., ""eyes bigger than stomach"" syndrome in students, lack of real-time demand data for chefs, and the ""buffet mentality"").
3.  **Brainstorm Solutions:** I will develop interventions that target these specific causes using technology, behavioral science, and circular economy principles.

Here are three creative ideas based on this reasoning.

***

### 1. The ""Sample-First"" Tasting Station
**The Problem:** Post-consumer waste (plate waste) is often caused by the ""buffet effect,"" where students take large portions of new or unfamiliar foods, realize they don't like them, and leave the rest on their plates.

**The Idea:** Implement a mandatory or highly encouraged ""Micro-Tasting"" station at the beginning of the dining line. Before reaching the main serving area, students are provided with small, compostable tasting spoons. They can sample small bites of the day's featured or new dishes.

**Why it works:** This uses **behavioral nudging**. By allowing students to ""test"" the food, you reduce the risk of them committing to a full portion of something they won't finish. It shifts the dining experience from ""guessing and wasting"" to ""sampling and selecting,"" directly reducing the amount of food that ends up in the trash at the end of a meal.

### 2. The ""Predictive Plate"" AI Inventory System
**The Problem:** Pre-consumer waste (over-production) happens because kitchen staff often rely on static schedules or historical averages to decide how much to cook, which doesn't account for daily fluctuations (e.g., a heavy mid-term week vs. a holiday weekend).

**The Idea:** Install ""Smart Scales"" and camera-equipped waste bins at the dish-return station. Using computer vision and weight sensors, the system tracks exactly which foods are being thrown away most frequently and in what quantities. This data is integrated into a dashboard for the head chef.

**Why it works:** This creates a **data-driven feedback loop**. If the AI detects that 40% of the roasted broccoli is being discarded every Tuesday, the system automatically suggests a reduction in broccoli prep for the following Tuesday. It moves the kitchen from ""reactive"" cooking to ""predictive"" cooking, significantly cutting down on over-production before the food even reaches the student.

### 3. The ""Late-Night Surplus"" Grab-and-Go Program
**The Problem:** At the end of every dining hall service, large amounts of perfectly edible, unserved food (from buffet trays or prepared stations) are often discarded because they cannot be easily repurposed for the next meal cycle.

**The Idea:** Create a ""Surplus Subscription"" or a ""Flash Sale"" app-based kiosk. Once the dining hall closes, the remaining unserved, high-quality portions are packaged into standardized, eco-friendly ""Grab-and-Go"" boxes. Students can use their meal swipes or a small fee to pick up these ""Mystery Boxes"" via a mobile app.

**Why it works:** This implements a **circular economy model**. It captures the value of food that has already been paid for and prepared. It also serves a secondary student need—providing affordable, late-night food for students studying in the library—while ensuring that ""end-of-service"" waste is diverted from the landfill and into the student body.",5,5
O2r,open_ended,role,"You are an experienced writer and creative thinker who is skilled at producing clear, engaging prose. Generate three creative ideas for reducing food waste in a college dining hall.","To tackle food waste in a college dining hall, we have to move beyond the standard ""please don's waste food"" signage. Students are driven by social connection, gamification, and a desire for culinary novelty. To change behavior, we must change the dining experience itself.

Here are three creative strategies to reduce food waste by reimagining how students interact with their meals.

### 1. The ""Discovery Station"" (The Tapas Approach)
The primary driver of dining hall waste is the ""all-you-can-eat"" mentality, which leads students to pile their plates with items they realize they don't actually like halfway through the meal. 

**The Concept:** Introduce a dedicated ""Discovery Station"" featuring small, tapas-style portions of the day’s more experimental or heavy dishes. Instead of a massive scoop of heavy pasta or a large slice of enchilada, students can grab a ""tasting vessel""—a small ramekin or a mini-plate—to sample a single bite. 

**Why it works:** This shifts the psychological goal from *consumption* to *exploration*. By lowering the ""cost of entry"" for trying new foods, you reduce the likelihood of a student committing to a large portion that ends up in the trash. It turns the dining hall into a culinary adventure rather than a high-stakes buffet.

### 2. The ""Live Waste-to-Worth"" Dashboard
Data is often invisible to the people it affects most. Students rarely see the physical manifestation of the waste they create; it simply disappears into a bin.

**The Concept:** Install a large, high-visibility digital dashboard near the tray return area. This screen would display a real-time ""Live Waste Tally,"" tracking the weight of food discarded during the current meal period. However, the magic lies in the translation: the dashboard shouldn't just show pounds of waste; it should translate that weight into ""Impact Metrics."" For example: *""This afternoon, we saved enough food to provide 150 meals to the local campus pantry""* or *""We have reduced our waste by 12% compared to last Tuesday.""*

**Why it works:** This utilizes ""social proof"" and gamification. When students see the waste as a tangible loss of resources rather than an abstract number, it triggers a sense of collective responsibility. It turns waste reduction into a campus-wide mission that students can track and win.

### 3. The ""Rescue Menu"" Initiative
Much of dining hall waste is ""pre-consumer""—the excess prepared by the kitchen that never even reaches a student's plate.

**The Concept:** Create a rotating ""Rescue Menu"" feature, where student chefs and dining hall staff are tasked with transforming surplus ingredients into high-end, ""upcycled"" culinary specials. If the kitchen has an excess of roasted root vegetables, the Rescue Menu might feature a ""Harvest Buddha Bowl."" If there is surplus sourdough from the morning, the afternoon special becomes a ""Gourmet Panzanella Salad.""

**Why it works:** This turns a logistical problem into a culinary prestige opportunity. Instead of seeing ""leftovers,"" students see a ""Chef’s Special."" It celebrates culinary creativity and teaches students the value of a circular economy. It also empowers the kitchen staff, turning them from ""mass producers"" into ""innovative upcyclers.""",5,5
O2aud,open_ended,audience,I am a college educated general reader. Generate three creative ideas for reducing food waste in a college dining hall.,"To move beyond the standard suggestions of ""smaller plates"" or ""composting,"" we must look at food waste through the lenses of behavioral economics, predictive technology, and the circular economy. 

Here are three creative, high-level strategies for reducing food waste in a college dining hall:

### 1. The ""Just-in-Time"" Predictive Dining Interface
The primary driver of dining hall waste is the mismatch between prepared supply and actual student demand. Most dining halls cook in large, predetermined batches based on historical averages, which fails to account for daily fluctuations like midterms, campus events, or weather changes.

**The Idea:** Implement a mobile-integrated ""Intent-to-Eat"" feature within the university’s existing dining app. Students would ""check in"" to a meal window (e..e., 12:00 PM–1:00 PM) or pre-select a meal type (e.g., ""Vegetarian"" or ""High Protein""). 
*   **The Mechanism:** This provides the kitchen staff with real-time, granular data on the expected volume and dietary preferences for the upcoming meal cycle. 
*   **The Result:** The kitchen shifts from ""bulk cooking"" to ""batch cooking."" By knowing that only 40% of the student body intends to eat a heavy starch-based meal, the staff can reduce the initial production volume, significantly cutting down on the ""end-of-service"" surplus that typically goes straight to the bin.

### 2. The ""Upcycled Gastronomy"" Program
In a traditional dining hall, ""waste"" is viewed as a binary: it is either edible or it is trash. A more sophisticated approach treats food scraps not as refuse, but as raw ingredients for a secondary production cycle.

**The Idea:** Establish a student-led ""Upcycled Culinary Lab"" that operates as a subset of the dining services. This program would focus on transforming ""near-waste"" (items that are perfectly edible but aesthetically or structurally unmarketable) into high-value campus products.
*   **The Mechanism:** Overripe fruit becomes preserves or fruit leathers; day-old bread is transformed into artisanal croutons or bread pudding; vegetable trimmings are dehydrated into concentrated bouillon powders or used in fermentations (like kimchi or kraut).
*   **The Result:** This creates a closed-loop system. It reduces the weight of organic waste leaving the facility while simultaneously providing a hands-on laboratory for culinary and food science students to practice sustainable innovation.

### 3. The ""Nudge-Based"" Carbon Credit Ecosystem
Reducing waste requires a shift in student psychology. Currently, the ""cost"" of wasting food is invisible to the student; the price of the meal is paid at the door, and the consequence of the waste is buried in a dumpster.

**The Idea:** Implement a ""Green Credit"" gamification system tied to the student’s meal card. This uses the principles of behavioral economics—specifically ""nudging""—to make the environmental impact of waste tangible.
*   **The Mechanism:** Using smart scales at the tray-return stations, the weight of food waste is recorded. Students who consistently return ""clean plates"" (zero or minimal waste) earn ""Green Credits"" on their digital IDs. These credits could be redeemed for small, high-value rewards, such as priority seating in the dining hall, access to a premium coffee station, or even discounts at the campus bookstore.
*   **The Result:** This transforms waste reduction from a vague moral obligation into a visible, rewarding social game. It leverages social proof and individual incentive to create a culture of mindfulness, making the act of ""taking only what you can eat"" a measurable and prestigious campus achievement.",5,5
O2emo,open_ended,emotion,"Generate three creative ideas for reducing food waste in a college dining hall.

This is critically important. My career and future depend on getting this right.","Since you have emphasized the high stakes of this task, I have moved beyond basic suggestions (like ""start a compost bin"") and instead developed three high-level, strategic frameworks. These ideas address the three distinct stages of food waste: **Production** (the kitchen), **Service** (the buffet/serving line), and **Consumption** (the student).

Here are three creative, professional-grade strategies for reducing food waste in a college dining hall.

---

### 1. The ""Demand-Driven Dining"" App (The Tech Approach)
**The Concept:** Use predictive analytics and student engagement to bridge the gap between kitchen preparation and student arrival.

**How it Works:** 
The university launches a feature within the existing campus dining app called ""The Daily Forecast."" Students are incentivized (via small rewards like ""loyalty points"") to ""Check-In"" for specific meal periods or ""Vote"" on upcoming menu items. 
*   **For the Kitchen:** The data provides the head chef with a real-time ""Expected Attendance"" metric. If only 200 students are predicted for Tuesday lunch, the kitchen scales down bulk preparations (like large trays of lasagna) accordingly.
*   **For the Student:** It creates a sense of ownership. When students see that their ""Check-In"" directly prevents waste, they become stakeholders in the sustainability mission.

**The Impact:** This targets **Production Waste**. It moves the dining hall from ""reactive cooking"" (cooking for the maximum possible capacity) to ""predictive cooking"" (cooking for the actual expected capacity).

### 2. The ""Tasting Station"" & Small-Plate Initiative (The Behavioral Approach)
**The Concept:** Utilize ""Nudge Theory"" to reduce plate waste by altering the physical environment and psychological cues of the buffet line.

**How it Works:**
One of the primary drivers of waste is the ""buffet effect,"" where students over-serve themselves because the food is ""free."" This initiative implements two physical changes:
*   **The Tasting Station:** Instead of a large, intimidating buffet line, introduce a ""Sample Station"" featuring small, biodegradable tasting cups. This allows students to try new or experimental dishes without committing to a full portion.
*   **The ""Small Plate"" Default:** Replace standard large dinner plates with slightly smaller, aesthetically pleasing plates. Behavioral economics shows that people are less likely to over-serve themselves when the vessel is smaller, yet they feel just as satisfied because the plate looks ""full.""

**The Impact:** This targets **Consumption Waste**. It reduces the amount of food left on plates by preventing the initial error of over-portioning.

### 3. The ""Closed-Loop Campus"" Program (The Circular Economy Approach)
**The Concept:** Transform the dining hall from a ""waste generator"" into a ""resource provider"" by integrating the dining hall with the campus ecosystem.

**How it Works:**
This strategy focuses on what happens to the food that *cannot* be prevented from being wasted. 
*   **The Bio-Link:** Partner with the campus Biology or Agricultural department to create an on-campus industrial composting facility. 
*   **The Nutrient Cycle:** The food scraps from the dining hall are processed into high-grade compost, which is then used in the campus greenhouse or campus gardens. 
*   **The Menu Connection:** The produce grown in that compost (e.g., herbs, microgreens, or seasonal vegetables) is then sold back to the dining hall at a lower cost. 

**The Impact:** This targets **Post-Consumer Waste**. While it doesn't stop the waste from occurring, it eliminates the ""waste"" aspect by turning a disposal cost (trash removal) into a resource gain (fertilizer and new ingredients), creating a sustainable, circular economy.

---

### Summary for your presentation/proposal:

| Strategy | Primary Target | Core Mechanism | Business Value |
| :--- | :--- | :--- | :--- |
| **Demand-Driven Dining** | Production Waste | Predictive Data/App | Lowering food procurement costs. |
| **Tasting/Small-Plate** | Consumption Waste | Behavioral Nudging | Reducing ""shrinkage"" and plate leftovers. |
| **Closed-Loop Campus** | Post-Consumer Waste | Circular Economy | Transforming a cost center into a value stream. |",5,5
O3b,open_ended,baseline,Write a brief persuasive paragraph arguing for or against requiring a gap year between high school and college.,"Implementing a mandatory gap year between high school and college is a vital investment in a student's long-term academic and personal success. After twelve years of rigorous, standardized academic pressure, many students enter university in a state of profound burnout, lacking the mental energy required to engage deeply with complex subjects. A gap year provides a necessary period of decompression and self-discovery, allowing young adults to gain real-world experience through work, travel, or service. This period of maturation helps students clarify their professional interests, ensuring they choose majors and career paths with intention rather than by default, which ultimately prevents the costly mistake of switching majors mid-way through a degree. By fostering maturity and preventing academic fatigue, a gap year transforms students from passive learners into driven, purposeful scholars who are truly prepared for the rigors of higher education.",5,5
O3fs,open_ended,few_shot,"Here are some examples of clear, accurate answers:

Q: Write a short paragraph explaining why exercise matters.
A: Regular exercise is one of the most effective ways to maintain both physical and mental health. It strengthens the cardiovascular system, builds muscle, and supports a healthy weight, reducing the risk of chronic conditions like heart disease and diabetes. Beyond the physical, exercise has well documented effects on mood and cognition, releasing endorphins that reduce stress and improving sleep and focus. Even modest, consistent activity, such as a daily walk, produces measurable benefits over time.

Q: Brainstorm three uses for a single brick.
A: 1) A doorstop for heavy doors that drift on their own. 2) A weight to flatten warped books or freshly glued woodwork. 3) Pressed against a flowerbed border to create a low decorative edge that also keeps mulch in place.

Now please answer this question in the same style:
Q: Write a brief persuasive paragraph arguing for or against requiring a gap year between high school and college.
A:","Implementing a mandatory gap year offers students a vital opportunity to develop maturity and perspective before entering the rigors of higher education. By stepping away from the classroom, young adults can pursue work experience, travel, or volunteer opportunities that foster independence and real-world problem-solving skills. This period of exploration helps mitigate academic burnout and allows students to enter college with a clearer sense of purpose, often leading to more intentional major selections and higher retention rates. Ultimately, a structured break can transform a student from a passive learner into a focused, self-driven scholar.",5,5
O3cot,open_ended,chain_of_thought,"Write a brief persuasive paragraph arguing for or against requiring a gap year between high school and college.

Think through this step by step, working through your reasoning carefully before giving your final answer.","### Reasoning Process

1.  **Identify the Stance:** I will argue **for** the implementation of a mandatory (or highly encouraged) gap year. This position allows for a stronger persuasive structure centered on ""investment"" and ""maturity.""
2.  **Identify Key Arguments:**
    *   *Burnout Prevention:* High school is increasingly high-pressure; a break prevents mental exhaustion.
    *   *Purposeful Learning:* Real-world experience (work, travel, volunteering) provides context that a classroom cannot.
    *   *Academic Efficiency:* Students who have explored interests are more likely to choose the right major, reducing the cost and time wasted on switching degrees.
3.  **Address the Counter-argument:** The primary argument against a gap year is the loss of ""academic momentum"" or the delay in entering the workforce. I will counter this by arguing that the ""delay"" is actually an investment that prevents much more costly mistakes (like dropping out or pursuing the wrong career).
4.  **Structure the Paragraph:**
    *   *Topic Sentence:* State the claim clearly.
    *   *Evidence/Development:* Connect burnout prevention and maturity to academic success.
    *   *Rebuttal:* Address the ""loss of momentum"" concern.
    *   *Concluding Sentence:* Summarize the long-term value.

***

### Final Answer

Implementing a mandatory gap year between high school and college is a transformative investment in a student’s long-term academic and personal success. After twelve years of rigorous, standardized schooling, many students enter university in a state of burnout, lacking the clarity and maturity required to navigate complex degree paths. A gap year provides a vital period for experiential learning—through work, travel, or service—that fosters the independence and perspective necessary for higher education. While critics argue that a year off disrupts academic momentum, the reality is that students who enter college with a sense of purpose are far more likely to remain enrolled and choose majors that align with their true interests. Ultimately, the brief delay in graduation is a small price to pay for the profound increase in student intentionality, resilience, and academic focus.",5,4
O3r,open_ended,role,"You are an experienced writer and creative thinker who is skilled at producing clear, engaging prose. Write a brief persuasive paragraph arguing for or against requiring a gap year between high school and college.","For too long, we have treated the transition from high school to university as a relentless conveyor belt, propelling students from one structured environment directly into another without a moment for reflection. Implementing a mandatory gap year would break this cycle of academic burnout and aimless pursuit. By stepping away from the classroom, young adults are given the essential space to cultivate agency—to work, to travel, to fail, and to discover who they are outside the vacuum of a grading scale. This period of intentional pause does not delay progress; rather, it refines it. It ensures that when students finally do enter higher education, they arrive not as exhausted passengers caught in a momentum of habit, but as purposeful scholars equipped with a clear sense of direction and a reservoir of real-world perspective.",5,5
O3aud,open_ended,audience,I am a college educated general reader. Write a brief persuasive paragraph arguing for or against requiring a gap year between high school and college.,"Implementing a mandatory gap year between high school and university would serve as a vital corrective to the modern culture of academic burnout and aimless credentialism. Rather than viewing a hiatus as a loss of momentum, we should recognize it as an essential period for cultivating the autonomy and perspective necessary for meaningful higher learning. By stepping away from the high-pressure, standardized environment of secondary education to engage in vocational work, civic service, or independent travel, students can bridge the gap between adolescent compliance and adult agency. This period of real-world immersion allows for the self-reflection required to prevent the costly mistake of pursuing ill-defined academic paths, ultimately ensuring that when students do enter the university, they arrive not merely as passive recipients of information, but as intentional, mature scholars equipped with a clearer sense of purpose.",5,5
O3emo,open_ended,emotion,"Write a brief persuasive paragraph arguing for or against requiring a gap year between high school and college.

This is critically important. My career and future depend on getting this right.","Since you did not specify whether you need to argue **for** or **against** the requirement, I have provided one high-quality, professional paragraph for each position. You can choose the one that fits your specific assignment.

### Option 1: Arguing FOR a mandatory gap year
*Focus: Maturity, burnout prevention, and intentionality.*

Implementing a mandatory gap year between high school and college is a vital investment in a student's long-term academic and professional success. After twelve years of rigorous, standardized instruction, many students enter university experiencing profound burnout and a lack of direction, often choosing majors based on prestige rather than passion. A structured gap year provides the necessary breathing room to gain real-world perspective, develop essential life skills, and explore interests outside the classroom. By allowing students the time to mature and reflect, we ensure they return to academia with increased focus, greater emotional stability, and a clearer sense of purpose. Ultimately, this pause transforms college from a rushed, expensive experiment into a deliberate and meaningful step toward a well-defined career.

### Option 2: Arguing AGAINST a mandatory gap year
*Focus: Academic momentum, financial burden, and delay of entry.*

Requiring a gap year between high school and college is a detrimental policy that disrupts academic momentum and imposes unnecessary financial burdens on students and their families. The transition from high school to university is a period when students are most accustomed to rigorous study habits and disciplined learning; interrupting this flow can lead to ""academic atrophy,"" making it significantly harder to re-engage with complex coursework. Furthermore, an extra year of living expenses, stripped of the stability of campus housing and student resources, places an undue financial strain on many households. Rather than fostering growth, a mandatory delay simply postpones the entry into the professional workforce, hindering a student's ability to achieve financial independence and delaying their contribution to the global economy.

***

### 💡 Tips for your success:
To ensure this works for your specific needs, keep these three ""rules of persuasion"" in mind:

1.  **The ""Topic Sentence"" is everything:** Notice that both paragraphs start with a strong, clear claim. Never start with ""I think"" or ""In my opinion."" State your position as a fact.
2.  **Use ""Power Verbs"":** Instead of saying ""A gap year helps students,"" use ""A gap year **transforms** students."" Instead of ""It is bad for money,"" use ""It **imposes an undue financial strain**.""
3.  **Address the ""So What?"":** A good argument doesn't just state a fact; it explains the consequence. (e.g., Don't just say students are tired; say their fatigue leads to a ""lack of direction"" and ""unclear career trajectories."")",5,3
O4b,open_ended,baseline,Brainstorm five practical uses for an old smartphone that no longer holds a charge well.,"Since the main limitation of this phone is the battery, the best uses are those where the device can remain **permanently plugged into a power source.** This turns the ""weakness"" of the device into a non-issue.

Here are five practical uses for an old smartphone that no longer holds a charge:

### 1. Dedicated Security or Baby Monitor
Instead of buying an expensive proprietary camera system, you can use your old phone to keep an eye on your home or a nursery.
*   **How it works:** Download an app like **AlfredCamera** or **Manything**. Mount the phone in a permanent spot (like a bookshelf or nursery corner) and keep it plugged into a wall outlet.
*   **Why it’s practical:** It uses the existing high-quality camera and Wi-Fi capabilities of the phone to stream live video directly to your *new* phone, providing motion detection and night vision alerts.

### 2. Permanent Smart Home Dashboard
If you have smart lights, a smart thermostat, or smart plugs, you can turn the old phone into a dedicated ""Control Center"" mounted on a wall or sitting on a side table.
*   **How it works:** Use an app like **Home Assistant** or simply keep your Google Home/Apple HomeKit app open. Use a small adhesive wall mount to keep the phone in a fixed position.
*   **Why it’s practical:** It saves you from having to unlock your primary phone every time you want to dim the lights or check the temperature. It acts as a dedicated, ""always-on"" interface for your ecosystem.

### 3. Digital Photo Frame
Transform the device into a rotating slideshow of your favorite memories.
*   **How it works:** Use **Google Photos** or a dedicated digital frame app. Set the phone to ""Never Sleep"" in the developer settings (or use a ""stay awake"" app) and put it on a small charging stand on your desk or mantel.
*   **Why it’s practical:** It is much cheaper than buying a dedicated digital frame and allows you to easily update the slideshow via the cloud. Since it stays plugged in, the photos will cycle indefinitely.

### 4. Dedicated Music or Podcast Station
Turn the phone into a ""jukebox"" for a specific room, such as a kitchen, workshop, or home gym.
*   **How it works:** Delete all unnecessary apps to keep it fast. Install Spotify, Pandora, or an internet radio app. Connect the phone via Bluetooth or an AUX cable to a larger, high-quality speaker system.
*   **Why it’s practical:** It prevents you from having to interrupt your main phone (and its notifications/calls) every time you want to change a song. It also keeps your primary phone's battery life preserved by offloading the heavy lifting of streaming to the old device.

### 5. Permanent Dashcam
If you have a long commute, you can use the old phone to record your drives for safety or insurance purposes.
*   **How it works:** Use a car vent mount and a high-quality 12V car charger. Download a dashcam app (like **AutoBoy Dashcam**) that automatically starts recording when it detects power/motion.
*   **Why it’s practical:** It provides an extra layer of security while driving without needing to buy a separate dashcam hardware setup. Because the phone is plugged into the car's power port, the failing battery won't cause the camera to shut down mid-drive.",5,5
O4fs,open_ended,few_shot,"Here are some examples of clear, accurate answers:

Q: Write a short paragraph explaining why exercise matters.
A: Regular exercise is one of the most effective ways to maintain both physical and mental health. It strengthens the cardiovascular system, builds muscle, and supports a healthy weight, reducing the risk of chronic conditions like heart disease and diabetes. Beyond the physical, exercise has well documented effects on mood and cognition, releasing endorphins that reduce stress and improving sleep and focus. Even modest, consistent activity, such as a daily walk, produces measurable benefits over time.

Q: Brainstorm three uses for a single brick.
A: 1) A doorstop for heavy doors that drift on their own. 2) A weight to flatten warped books or freshly glued woodwork. 3) Pressed against a flowerbed border to create a low decorative edge that also keeps mulch in place.

Now please answer this question in the same style:
Q: Brainstorm five practical uses for an old smartphone that no longer holds a charge well.
A:","1) A dedicated security camera by running a monitoring app while keeping the device plugged into a permanent power source. 2) A digital photo frame that cycles through a slideshow of memories when placed on a charging dock. 3) A permanent smart home controller mounted on a wall to manage lights, thermostats, and other connected devices. 4) A dedicated music or radio station that stays connected to a speaker for easy access in a kitchen or workshop. 5) A simple desk clock or kitchen timer that remains plugged in to provide quick-glance information.",5,5
O4cot,open_ended,chain_of_thought,"Brainstorm five practical uses for an old smartphone that no longer holds a charge well.

Think through this step by step, working through your reasoning carefully before giving your final answer.","To find the most practical uses for a smartphone with a degraded battery, we must first establish the primary constraint: **the device must remain connected to a power source.** Because it cannot be relied upon for mobile use, we should ignore ideas like ""portable GPS"" or ""emergency backup phone"" and instead focus on ""stationary"" or ""always-on"" utility.

Here is the step-by-step reasoning used to arrive at the final five ideas:

1.  **Identify the core hardware strengths:** Even with a bad battery, the device still possesses a high-resolution camera, a high-quality screen, Wi-Fi connectivity, various sensors (accelerometer, light sensor), and audio capabilities.
2.  **Identify the core hardware weakness:** The battery cannot sustain independent operation. Therefore, the use case must involve a permanent or semi-permanent placement near a wall outlet or a charging dock.
3.  **Brainstorming categories:**
    *   *Visuals:* Using the screen or camera for monitoring or display.
    _   *Audio:* Using the speakers/connectivity for sound.
    *   *Control:* Using the interface to manage other devices.
4.  **Filtering for practicality:** We want to avoid ""gimmicks"" and focus on tasks that actually solve a problem or add value to a home or workspace.

Based on this reasoning, here are five practical uses:

### 1. Dedicated Security Camera
Since the phone will be plugged in, you can use apps like *AlfredCamera* or *Manything* to turn the device into a permanent surveillance unit. 
*   **Why it works:** You can mount it in a corner of a room or near a pet's feeding area. It uses the existing Wi-Fi and camera to stream live video to your current primary phone, providing motion detection and alerts without needing to buy expensive new hardware.

### 2. Smart Home Dashboard
If you have smart lights, a smart thermostat, or smart plugs, you can use the old phone as a permanent ""control center"" mounted on a wall or kept on a desk.
*   **Why it works:** Using apps like *Google Home* or *Home Assistant*, the phone stays ""always on,"" allowing anyone in the room to tap a single screen to dim the lights or check the temperature, rather than hunting for a primary phone.

### 3. Digital Photo Frame
A smartphone screen is much higher quality than many cheap digital frames. By using a slideshow app or a cloud-based photo service (like Google Photos), you can turn the device into a rotating gallery.
*   **Why it works:** When placed in a small charging dock on a side table, it acts as a piece of dynamic decor. Because it is plugged in, the slideshow can run indefinitely without the device shutting down.

### 4. Dedicated Music or Podcast Station
You can strip the phone of all other apps and use it exclusively as a high-end music player for a specific area, such as a kitchen or a workshop.
*   **Why it works:** Connect the phone via an AUX cable or Bluetooth to a larger speaker system. This keeps your primary phone free for calls and texts while the ""music phone"" handles Spotify or podcast streaming, essentially acting as a permanent, internet-connected jukebox.

### 5. High-Definition Webcam for your PC
If you frequently participate in video calls on a computer, you can use apps like *EpocCam* or *Camo* to turn the old smartphone into a webcam.
*   **Why it works:** Smartphone cameras are almost always significantly better than built-in laptop webcams. Since the phone will be sitting on a tripod or propped against your monitor and plugged into power, the battery life is irrelevant, and the video quality for your Zoom or Teams calls will improve drastically.",5,5
O4r,open_ended,role,"You are an experienced writer and creative thinker who is skilled at producing clear, engaging prose. Brainstorm five practical uses for an old smartphone that no longer holds a charge well.","We have all been there: a drawer in the kitchen or a junk bin in the office, filled with the ""ghosts"" of our digital past. These old smartphones, once our primary connection to the world, now sit dormant, their batteries depleted and unable to hold a charge for more than twenty minutes.

However, a dying battery is not a death sentence; it is simply a transition from a mobile device to a ""tethered"" one. If you are willing to keep it plugged into a power source, that old hardware still possesses significant processing power and a high-resolution screen.

Here are five practical ways to repurpose that aging device.

### 1. The Always-On Security Sentinel
If your old phone can stay plugged into a wall outlet, it can serve as a sophisticated motion-sensing security camera. Using apps like *AlfredCamera*, you can transform the device into a monitor for your nursery, your pet, or even your front door. The phone’s camera remains active, streaming live footage to your current primary phone. Since the device will be stationary and charging, the battery issue becomes irrelevant; it simply becomes a permanent, unblinking eye for your home.

### 2. The Dedicated Smart Home Command Center
One of the most frustrating parts of a smart home is the ""app fatigue"" that comes from having to hunt through your primary phone to turn off a light or adjust the thermostat. You can mount your old smartphone to a wall in a central location—like the hallway or the kitchen—using a simple adhesive mount. By leaving it plugged in and running a dashboard (like *Google Home* or *Apple HomeKit*), you create a dedicated, tactile control panel that anyone in the house can use without needing to touch your personal device.

### 3. The Premium Webcam Upgrade
Most laptop webcams are, frankly, mediocre. They struggle with light and lack depth. However, the camera sensor in even a five-year-old smartphone is likely far superior to your computer's built-in lens. By using an app such as *Camo* or *EpocCam*, you can feed the smartphone’s video feed directly into your computer via a USB cable. Because the phone is plugged into your computer to transmit data, the battery will stay topped up, providing you with professional-grade video for your next important Zoom call.

### 4. The Digital Photo Gallery
Instead of letting your precious memories languish in a cloud storage folder, turn the old phone into a rotating digital frame. By setting the device to a ""slideshow"" mode and placing it on a small stand on your desk or mantel, you can create a living piece of art. Use an app to pull images from your favorite albums, and because the device is perpetually connected to a charger, it can run 24/7, providing a gentle, nostalgic flicker of life to any room.

### 5. The Kitchen Sous-Chef
The kitchen is a high-risk environment for expensive, modern smartphones—splatters of sauce, flour, and heat are all part of the process. Repurpose your old device as a dedicated kitchen station. Mount it under a cabinet or place it on a stand near the stove. Use it exclusively for viewing recipes, setting multi-stage timers, and converting measurements. It stays plugged in, it stays ""dirty-ready,"" and it keeps your primary, expensive device far away from the dangers of the countertop.",5,5
O4aud,open_ended,audience,I am a college educated general reader. Brainstorm five practical uses for an old smartphone that no longer holds a charge well.,"Since the primary constraint is a degraded battery, the most effective way to repurpose the device is to transition it from a **mobile** device to a **stationary** one. By keeping it permanently connected to a power source, you bypass the battery issue entirely.

Here are five practical uses for an old smartphone, reimagined as a dedicated, plugged-in utility.

### 1. A Dedicated Security Camera or Baby Monitor
Instead of purchasing an expensive, proprietary smart camera, you can use your old phone to monitor a room, a pet, or a nursery. Using apps like *AlfredCamera* or *Manything*, you can stream live video to your current primary phone.
*   **Why it works:** Since the camera needs to be ""always on"" to capture motion, it would drain a healthy battery quickly anyway. By keeping it plugged into a wall outlet, you create a permanent, high-quality surveillance node.

### 2. A High-Definition Webcam for your Computer
Most modern laptop webcams are mediocre at best. An old smartphone—even one from several years ago—likely possesses a much larger sensor and better optics than your computer’s built-in camera. Using software like *Camo* or *EpocCam*, you can use the phone as a professional-grade webcam for Zoom or Microsoft Teams calls.
*   **Why it works:** This setup requires the phone to be mounted on a small tripod or stand directly in front of your monitor. Because it will be sitting on your desk next to your computer, it can remain plugged into a USB port for constant power.

### 3. A Permanent Smart Home Controller
If you have smart lights, a smart thermostat, or a smart plug, you can turn the old phone into a dedicated ""Command Center."" By mounting it to a wall using adhesive strips or placing it on a small stand in a central location, you can leave it permanently logged into your smart home ecosystem (Google Home, Apple HomeKit, or Alexa).
*   **Why it works:** This eliminates the need to hunt for your primary phone every time you want to dim the lights. It functions as a localized, tactile interface for your home's automation, and since it stays on a charger, the battery degradation is irrelevant.

### 4. An ""Analog-Style"" Digital Photo Frame
You can transform the device into a rotating gallery of your most cherished memories. By using a slideshow app or even a simple loop of photos via Google Photos, the device becomes a dynamic digital frame.
*   **Why it works:** This is a low-intensity task. While the screen is active, the processor is not working hard, which prevents the device from overheating. When placed on a side table or a bookshelf and kept on a charger, it provides a rotating visual interest without the need for manual interaction.

### 5. A Dedicated Distraction-Free Media Player
If you find that checking your primary phone during workouts or while reading leads to ""doomscrolling,"" repurpose the old device as a dedicated music, podcast, or audiobook player. Load it with your preferred streaming apps (Spotify, Audible, etc.) and use it solely for audio.
*   **Why it works:** This serves a psychological purpose: it creates a ""digital boundary."" By using a device that lacks your email, social media, and work notifications, you can enjoy high-quality audio without the temptation of multitasking. When used in a gym or during a walk, you can carry a small power bank to supplement the weak battery.",5,5
O4emo,open_ended,emotion,"Brainstorm five practical uses for an old smartphone that no longer holds a charge well.

This is critically important. My career and future depend on getting this right.","Since the device can no longer hold a charge, the key to all these solutions is to treat the smartphone as a **stationary, ""always-on"" device** that remains permanently connected to a power source.

Here are five practical, high-utility uses for your old smartphone:

### 1. Dedicated Security Camera
Instead of buying an expensive Nest or Ring system, you can transform the old phone into a motion-detecting security monitor.
*   **How it works:** Download an app like **AlfredCamera** or **Manything**. These apps allow you to stream the phone's camera feed to your current primary phone or a computer.
*   **The Setup:** Mount the phone in a high-traffic area (like a nursery, entryway, or garage) using a cheap adhesive mount. 
*   **The Battery Solution:** Since it will be plugged into a wall outlet 24/7, the battery life becomes irrelevant. The device acts as a permanent, Wi-Fi-connected eye.

### 2. High-Definition Webcam for your PC
Most laptop webcams are mediocre. Even an older smartphone camera is likely significantly higher quality than a standard built-in laptop lens.
*   **How it works:** Use an app like **DroidCam** or **EpocCam**. You install a client on your computer and an app on the phone. The phone sends the video feed to your PC via USB or Wi-Fi.
*   **The Setup:** Use a small tripod or a monitor clip to position the phone at eye level with your computer.
*   **The Battery Solution:** By connecting the phone to your computer via a USB cable, you are simultaneously transmitting data and providing a constant stream of power, ensuring the device never shuts down during a meeting.

### 3. Permanent Smart Home Dashboard
If you have smart lights, a smart thermostat, or smart plugs, the old phone can serve as a ""command center"" mounted to a wall or sitting on a side table.
*   **How it works:** Use the **Google Home**, **Amazon Alexa**, or **Apple Home** app. 
*   **The Setup:** Use a minimalist phone stand or a wall mount. Set the screen to ""Never Sleep"" in the developer options (if Android) or use a ""Guided Access"" mode (if iOS) to keep the dashboard visible.
*   **The Battery Solution:** Because this device stays in one location, you can leave it plugged into a permanent charging cable, making it a dedicated, tactile interface for your home.

### 4. Dedicated Audio/Podcast Station
Use the old phone as a ""distraction-free"" music player for your desk, kitchen, or workshop. This prevents you from having to interrupt your work or cooking to change songs on your primary phone.
*   **How it works:** Load it with **Spotify, Pandora, or an FM radio app**. 
*   **The Setup:** Connect the phone permanently to a Bluetooth speaker or an old AUX-input stereo. 
*   **The Battery Solution:** Keep it docked in a charging cradle. This allows your primary phone to remain free for calls and texts while the old phone handles all background audio tasks.

### 5. Digital Photo Frame & Information Hub
Turn the device into a rotating display of memories and essential information (weather, calendar, and news).
*   **How it works:** Use an app like **Fotoo** (Android) or simply a rotating slideshow of a **Google Photos** album. You can also use a ""Dashboard"" app to display a split screen of the weather and your daily calendar.
*   **The Setup:** Place the phone in a small picture frame or on a desk stand. 
*   **The Battery Solution:** As with the other ideas, this device remains ""tethered"" to a power source. It functions effectively as a digital piece of decor that provides utility without needing mobility.",5,5
